,Assessor ID Number,Tax Rate Area,Administrative Region Number,Common Area Key,Year Sold to State,Recording Date,Land Value,Improvement Value,Gross Personal Property Key,Exemption Claim Type Key,Gross Personal Property Value,Fixture Value,Real Estate Exemption Value,Personal Property Exemption Value,Fixture Exemption Value,Homeowner Exemption Value,1st Owner Assessee Name,1st Owner Name Overflow,2nd Owner Assessee Name,Special Name Assessee,SA Key,SA Date of Last Change,SA Postal City Code,SA House Number,SA Fraction,SA Direction,SA Unit,SA ZIP Code,SA Street Name,SA City and State,MA Only Key,MA Only Date Of Last Change,MA Only Postal City Code,MA House Number,MA Fraction,MA Direction,MA Unit,MA ZIP Code,MA Street Name,MA City and State,Legal Description Last Line Narative,Legal Description Last Line Lot,Legal Description Last Line Division,Legal Description Last Line Region,Zoning Code,Use Code,Effective Year,Year Built,Building Square Feet Main,Legal Description
8600,2473014015,2530,24,0,0,2006-10-31,112473,532991,ÿ,ÿ,0,0,0,0,0,0,YORK GLENOAKS LLC,,,,D,1988-12-21,13,3201,,N,,91504,GLENOAKS BLVD,BURBANK CA,F,2007-05-13,0,560,,,,90272,MUSKINGUM AVE,PACIFIC PALISADES CA,,21.0,,,BUC3*,7600,1985,1979,8143,TRACT NO 17078 LOTS 20 AND
8601,2631012060,13,24,0,2014,2014-12-30,761437,507625,ÿ,ÿ,0,0,0,0,0,0,"AKHOIAN,JOHN AND TAMAR",,,,D,1995-06-05,90,8847,,,,91352,LANKERSHIM BLVD,LOS ANGELES CA,F,2016-03-29,0,11856,,,UNIT 170,91344,BALBOA BLVD,GRANADA HILLS CA,OF STS),159.0,,,LACM,7600,1971,1971,10268,"TRACT NO 7045   LOTS 157, 158 AND (EX"
8602,2825013010,9989,24,0,0,2011-09-15,238732,179967,ÿ,ÿ,0,0,0,0,0,0,"WEISWASSER,DAVID TR",D AND E M WEISWASSER TRUST,,,D,1993-06-30,61,25022,,,,91321,HAWKBRYN AVE,SANTA CLARITA CA,F,2011-10-18,0,22231,,,NO 101,91302,MULHOLLAND HWY,CALABASAS CA,,4.0,3N,16.0,SCUR2,7600,1956,1956,3660,LOT COM W ON S LINE OF LOT 6 IN SEC 4T 3N R 16W 572.30 FT AND N 9›01' W660.61 FT AND S 80›59' W 694.78 FT ANDS 27›51' E 31.7 FT AND N 80›59' E 59.17FT FROM SE COR OF SD LOT TH S 27›51' E
8603,3126018044,5439,24,0,0,2004-01-28,144120,557541,ÿ,ÿ,0,0,0,0,0,0,THIAGARAJAH FAMILY LIMITED,PARTNERSHIP,,C/O CHITTA THIAGARAJAH,D,2004-12-05,42,42020,,,,93535,4TH ST E,LANCASTER CA,F,2013-02-08,0,3333,,,,93536,CAMINO DEL SUR,LANCASTER CA,P M 127-50-51 EX OF STS OF LOT 3,,,,LRHI,7600,1991,1991,6431,
8604,4211022011,1508,28,0,0,2013-01-09,3120707,13002949,ÿ,ÿ,0,0,0,0,0,0,AL US PLAYA VISTA SENIOR HOUSING,LP,,,D,2006-05-22,0,5555,,S,,90094,PLAYA VISTA DR,PLAYA VISTA CA,F,2015-01-20,0,8405,,,UNIT 100,22102,GREENSBORO DR,MCLEAN VA,12,,,,LAC2,7600,2005,2005,67127,TR=49104-3 THAT POR IN TRA 1508 OF LOT
8605,5521027010,6657,25,0,0,2010-01-14,748757,265275,ÿ,ÿ,0,0,0,0,0,0,"LEWIS,MAJOR AND LYNN R TRS",LEWIS TRUST,,,D,2004-09-07,0,338,,N,,90004,WESTERN AVE,LOS ANGELES CA,F,2010-06-06,0,1051,,S,,90019,BURNSIDE AVE,LOS ANGELES CA,,103.0,,,LAC2,7600,1960,1921,6548,ALLAN DALE LOTS 101A AND 101 AND N25 FT OF LOTS 103A AND
8606,5642010031,4045,24,0,0,2013-02-22,780176,894601,ÿ,ÿ,0,0,0,0,0,0,JASTR ENTERPRISES INC,,,,D,1993-07-01,29,213,,S,,91205,KENWOOD ST,GLENDALE CA,F,2013-07-16,0,1315,,,,91207,CEDAR COURT RD,GLENDALE CA,GLENDALE,7.0,60,,GLC3*,7600,1967,1967,6002,
8607,5674020015,4045,24,0,0,2013-06-05,397889,392583,ÿ,ÿ,0,0,0,0,0,0,"ZARIAN,VINCENT L ET AL TRS",LORIS L ZARIAN DECD TRUST,,,D,1993-07-01,29,905,,E,,91205,COLORADO ST,GLENDALE CA,F,2013-11-26,0,1820,,,,91202,IDLEWOOD RD,GLENDALE CA,EX OF ST,14.0,B,,GLCM*,7600,1962,1962,3232,WRIGHT AND CALLENDERS WRIGHTLANDS TRACT
8608,5674020016,4045,24,0,0,2013-06-05,1133214,745257,ÿ,ÿ,0,0,0,0,0,0,"ZARIAN,VINCENT L ET AL TRS",LORIS L ZARIAN DECD TRUST,,,D,1993-07-01,29,909,,E,,91205,COLORADO ST,GLENDALE CA,F,2013-11-26,0,1820,,,,91202,IDLEWOOD RD,GLENDALE CA,,16.0,B,,GLCM*,7600,0,0,0,WRIGHT AND CALLENDERS WRIGHTLANDS TRACTEX OF ST LOTS 15 AND
8609,6048028050,463,26,0,0,2011-11-04,2151789,2476615,ÿ,4,0,0,4628404,0,0,0,ALTAMED HEALTH SERVICES INC,,,C/O CASTULO DE LA ROCHA,D,2007-05-13,50,1776,,E,,90002,CENTURY BLVD,LOS ANGELES CA,F,2012-05-15,0,1176,,E,,90002,CENTURY BLVD,LOS ANGELES CA,TR=26642 EX OF STS LOT 4,,,,LAR3,7600,2014,1976,19526,
8610,7157012206,7211,26,0,0,2002-10-18,250805,271227,ÿ,ÿ,0,0,0,0,0,0,"NASH,JEROME J TR",JEROME J NASH TRUST,,,D,1993-07-01,49,2534,,E,,90805,SOUTH ST,LONG BEACH CA,F,2009-04-06,0,1932,,,STE 100,90025,OVERLAND AVE,LOS ANGELES CA,P M,1.0,,,LBCCA,7600,2005,1964,4800,*TR=PARCEL MAP AS PER BK 151 P 65-67 OF
8611,7163015038,2267,26,0,0,2015-11-05,364578,364578,ÿ,ÿ,0,0,0,0,0,0,"CACHUELA,MARY G TR",MARY G CACHUELA TRUST,,,D,2008-05-11,11,10329,,,,90706,ARTESIA BLVD,BELLFLOWER CA,F,2016-01-26,0,10720,,,,90703,ASHWORTH CIR,CERRITOS CA,TR=6493 LOTS 19 AND 20,,,,BFCG,7600,2000,1940,4591,
8612,7451012035,13650,26,0,0,1996-08-26,343678,3053780,7,4,10000,0,3397458,10000,0,0,SALVATION ARMY,,,C/O IRENE B CAMAGONG,D,1993-07-01,82,138,,S,,90731,BANDINI ST,SAN PEDRO CA,E,,0,0,,,,90809,PO BOX 93002,LONG BEACH CA,"13 AND ALL OF LOTS 14,15 AND 16 BLK 7",,,,LCC2*,7600,2003,2003,15537,MIRADOR TRACT NUMBER FOUR EX OF STS LOT
8613,8105005023,6549,27,0,0,2010-07-07,649355,541129,ÿ,ÿ,0,0,0,0,0,0,EL MONTE COMMERCIAL LLC,,,,D,2011-01-09,25,11436,,,,91732,GARVEY AVE,EL MONTE CA,F,2014-01-27,0,3273,,,,90068,BENNETT DR,LOS ANGELES CA,,5.0,,,EMC3*,7600,1966,1953,9900,*TR=3262*LOT ON S LINE OF GARVEY AVECOM E 93.17 FT FROM W LINE OF LOT 5 THE ON SD S LINE 110 FT WITH A UNIFORMDEPTH OF 200 FT S POR OF
8614,8548001039,3621,27,0,0,2013-08-26,615401,804267,ÿ,ÿ,0,0,0,0,0,0,"WANG,CHI SHUN CO TR",WANG FAMILY TRUST,,,D,2006-05-21,25,4410,,,,91732,PECK RD,EL MONTE CA,F,2013-11-19,0,16138,,,,91709,VALLEY SPRINGS RD,CHINO HILLS CA,,5.0,A,,EMC3*,7600,0,0,0,TRACT NO 10737   LOTS 4 AND
8615,2535018023,8856,24,0,2013,2002-05-22,159105,204156,ÿ,ÿ,0,0,0,0,0,0,"BOULANIKIAN,AKOP",,,,D,1993-06-30,67,13117,,,,91331,VAN NUYS BLVD,LOS ANGELES CA,F,2015-04-16,0,13117,,,,91331,VAN NUYS BLVD,PACOIMA CA,,637.0,23,,LAC2,7610,1980,1965,3647,PACOIMA NE 12.5 FT OF LOT 636 AND ALL OF
8616,2707015020,16,2,0,0,2015-04-01,447725,298483,ÿ,ÿ,0,0,0,0,0,0,OSO AVENUE PROPERTY LLC,,,C/O CARE MERIDIAN ATTN BARBARA C,D,1970-03-20,50,10339,,,,91311,OSO AVE,LOS ANGELES CA,F,2016-02-02,0,18,,,,92656,A JOURNEY STE 200,ALISO VIEJO CA,TRACT NO 27061,2.0,,,LARA,7610,1963,1963,2616,
8617,2766021011,16,2,0,0,2015-04-01,497472,365490,ÿ,ÿ,0,0,0,0,0,0,TEXHOMA AVENUE PROPERTY LLC,,,C/O CARE MERIDIAN LLC-B COE,D,1967-09-23,50,9440,,,,91325,TEXHOMA AVE,LOS ANGELES CA,F,2016-01-19,0,18,,,STE 200A,92656,JOURNEY,ALISO VIEJO CA,TRACT # 26594,11.0,,,LARA,7610,1980,1962,2760,
8618,3130034042,10226,24,0,0,2007-09-13,52900,149600,ÿ,ÿ,0,0,0,0,0,0,"EBORA,CHERRY G",,,,D,2006-05-21,42,540,,W,,93534,AVENUE J10,LANCASTER CA,F,2007-11-08,0,540,,W,,93534,AVENUE J10,LANCASTER CA,TRACT NO 28285,25.0,,,LRRA7000*,7610,1963,1963,2132,
8619,6225002001,518,26,0,0,2004-10-13,408586,1167239,ÿ,ÿ,0,0,0,0,0,0,EAST LOS ANGELES REMARKABLE,CITEZENS ASSOCIATION INC,,,D,1993-07-01,10,3930,,,,90201,FLORENCE AVE,BELL CA,F,2005-05-15,0,3839,,,,90031,SELIG PL,LOS ANGELES CA,,9.0,A,,BLC3R*,7610,1991,1981,12428,TRACT # 1662 EX OF ST
8620,6225003034,518,26,0,0,2004-10-13,412119,902158,ÿ,ÿ,0,0,0,0,0,0,EAST LOS ANGELES REMARKABLE,CITEZENS ASSOCIATION INC,,,D,1996-06-16,10,4008,,,,90201,FLORENCE AVE,BELL CA,F,2005-05-15,0,3839,,,,90031,SELIG PL,LOS ANGELES CA,,8.0,A,,BLC3R*,7610,1991,1977,9607,*TR=1662*(EX OF ST)
8621,6367009022,3265,27,0,0,2014-07-15,675141,406100,ÿ,ÿ,0,0,0,0,0,0,ADP INVESTMENTS LLC,,,C/O ALFRED DAVTYAN,D,1967-09-23,23,8116,,,,90240,TELEGRAPH RD,DOWNEY CA,F,2014-08-19,0,1910,,,,91208,SHERER LN,GLENDALE CA,TO BEG,,,,DOC4*,7610,1985,1976,8217,RANCHO SANTA GERTRUDES FINALLY CONFIRMEDTO J P MCFARLAND AND J G DOWNEY LOTCOM AT MOST W COR OF LOT 7 BLK J TH N53›16' E 167.68 FT TH NW ON SW LINE OFTELEGRAPH RD 148.74 FT TH S 53›16' W TO
8622,7120006004,4992,26,0,0,2014-10-02,126650,247628,ÿ,ÿ,0,0,0,0,0,0,"MATHARU,PRITAM AND CHANDER TRS",CYPRESS TRUST,,,D,1993-07-01,49,6458,,N,,90805,PARAMOUNT BLVD,LONG BEACH CA,F,2014-10-21,0,5303,,,,90275,BAYRIDGE RD,RANCHO PALOS VERDES CA,TRACT # 6807,4.0,C,,LBCCA,7610,2006,2006,2639,
8623,7376012037,1381,26,0,2015,2015-01-23,1116775,461938,ÿ,ÿ,0,0,0,0,0,0,CHJ HEALTH CARE CONSULTING INC,,,,D,1993-07-01,48,2270,,,,90717,LOMITA BLVD,LOMITA CA,F,2015-03-03,0,4032,,,UNIT 404,90010,WILSHIRE BLVD,LOS ANGELES CA,16 AND 17,,,,LOCG*,7610,1961,1959,3999,TR=2933 EX OF ST LOT 18 AND ALL OF LOTS
8624,8671043022,2730,6,0,0,2012-09-13,294698,410754,ÿ,ÿ,0,0,0,0,0,0,CALIFORNIA HOUSING FOUNDATION,INC,,,D,2005-12-12,18,244,,,,91711,ANDOVER DR,CLAREMONT CA,F,2012-10-30,0,1200,,,STE 104,92374,CALIFORNIA ST,REDLANDS CA,,5.0,,,CLRS13000*,7610,1983,1978,2844,*TR=31317*(EX OF ST)
25010,4455024903,4988,02,0,0,1981-06-17,0,0,ÿ,ÿ,0,0,0,0,0,0,STATE OF CALIF,,,,,,0,0,,,,0,,,,,0,0,,,,0,,,POR OF S 1/2 OF SEC 10 T1S R17W,,,,LCA11*,8801,0,0,0,
25011,4455024904,4988,02,0,0,1981-06-17,0,0,ÿ,ÿ,0,0,0,0,0,0,STATE OF CALIF,,,,,,0,0,,,,0,,,,,0,0,,,,0,,,R17W,,,,LCA11*,8801,0,0,0,POR OF SW 1/4 OF SW 1/4 OF SEC 10 T1S
25012,4455024905,4988,02,0,0,1995-11-13,0,0,ÿ,ÿ,0,0,0,0,0,0,REGENTS OF THE UNIVERSITY OF,CALIF,,,,,0,0,,,,0,,,F,2015-09-16,0,300,,,9TH FL,94612,LAKESIDE DR,OAKLAND CA,SW 1/4 OF SEC 10 T1S R17W,,,,LCA11*,8801,0,0,0,"LAND DESC IN DOC 1814122,951113 POR OF"
25013,5056014912,210,09,0,0,1981-10-09,25911,0,ÿ,ÿ,0,0,0,0,0,0,L A UNIFIED SCHOOL DIST,,,,D,2006-05-21,50,1626,,,,90006,ORCHARD AVE,LOS ANGELES CA,F,2009-05-19,0,355,,S,STE 500,90071,GRAND AVE,LOS ANGELES CA,,5,E,,LAPF,8804,0,0,0,*TR=SHERMAN TRACT*LOT COM AT NE COR OFLOT 5 BLK E TH W 50 FT TO W LINE OF SDLOT TH S THEREON TO A PT N 48 FT FROMSW COR OF SD LOT TH E TO E LINE OF SDLOT TH N 113.77 FT TO BEG POR OF
25014,7011002901,6874,12,0,0,1954-11-05,378,0,ÿ,ÿ,0,0,0,0,0,0,L A COUNTY S BY S,,,,,,0,0,,,,0,,,F,2001-12-18,0,500,,W,RM 754,90012,TEMPLE ST,LOS ANGELES CA,S LINE OF,26,F,,NOP*,8804,0,0,0,TRACT NO 5775 S 10 FT MEASURED AT R/A TO
25015,4126002803,13265,25,0,0,1992-08-28,0,0,ÿ,ÿ,0,0,0,0,0,0,AT AND SF RY CO,SBE 804 19 57L PAR 33,,,,,0,0,,,,0,,,,,0,0,,,,0,,,OF LOT 70,,,,LAM1-1*,8806,0,0,0,MR 36-3 W 10 FT OF LOT 69 AND E 10 FT
25016,4343019900,2410,22,0,0,2011-10-17,1613948,0,ÿ,ÿ,0,0,0,0,0,0,BEVERLY HILLS CITY PARKING,AUTHORITY,,C/O CITY CLERK,,,0,0,,,,0,,,F,2012-09-09,0,455,,N,,90210,REXFORD DR,BEVERLY HILLS CA,,24,8,,BHNOZONE*,8808,0,0,0,"BEVERLY LOTS 22,23 AND"
25017,5141005901,12706,23,0,0,1998-08-19,0,0,ÿ,ÿ,0,0,0,0,0,0,L A UNIFID SCHOOL DIST,,,,D,2000-03-07,50,2401,,,,90057,WILSHIRE BLVD,LOS ANGELES CA,F,1999-05-31,0,356,,S,NO   500,90071,GRAND AVE,LOS ANGELES CA,"8,10 AND ALL OF LOTS 6,7,9,11,12 BLK 2",,,,LAC4,8808,0,0,0,"MR 66-5 SW 25 FT LOT 13,EX OF STS LOTS"
25018,5148015900,13263,23,0,0,1962-04-20,199816,0,ÿ,ÿ,0,0,0,0,0,0,L A CITY DEPT OF WATER AND POWER,,,REAL EST BUS GROUP - JUNE,D,1993-07-01,50,560,,,,90013,WALL ST,LOS ANGELES CA,E,,0,0,,,,90051,PO BOX 51111,LOS ANGELES  CA,AND 10 BLK D MORENO VINEYARD TRACT,,,,LAPF,8808,0,0,0,LOT COM AT MOST E COR OF LOT 9 BLK DMORENO VINEYARD TR TH NW ON NE LINE OFSD LOT TO SE LINE OF WALL ST TH SW ON SDSE LINE TO NE LINE OF SIXTH ST TH SETHEREON TO SE LINE OF LOT 11 BLK D TH NE
25019,5677012914,4045,28,0,0,,0,0,,,0,0,0,0,0,0,FOREST LAWN MEMORIAL PARK ASSN,,,,D,,0,0,,,,0,,,F,1993-07-01,0,1712,,S,,91205,GLENDALE AVE,GLENDALE CA,MUSEUM MEMENTO SHOP AND ESPLANADE SITE,,,,,8808,0,0,0,FOREST LAWN MEMORIAL PARK  CEMETERY MAPBK 9 PG 56-59   0.767 AC PLOT KNOWN AS
25020,6109001901,309,28,0,0,,3330373,0,ÿ,ÿ,0,0,0,0,0,0,ROOSEVELT MEMORIAL PARK ASSN,,,,D,1994-06-09,28,18255,,S,,90248,VERMONT AVE,LOS ANGELES CA,E,,0,0,,,,90247,PO BOX 31,GARDENA CA,TRACT NO 4597,,,,LAA1,8808,0,0,0,34.9094 ACS COM AT NW COR OF LOT 1 TRACTNO 16659 TH S ON W LINE OF SD LOT 1.68FT TH E TO NW COR OF TRACT NO 19941 TH EON N LINES OF SD TR NO 19941 AND TRNO 23663 TO NE COR OF LOT 13 SD TR
25134,4138015800,9851,25,0,0,1965-09-14,0,0,ÿ,ÿ,0,0,0,0,0,0,SOU PAC TRANS CO,SBE PAR 2 MAP 872-19-300A,,,,,0,0,,,,0,,,,,0,0,,,,0,,,,18,3S,14,ESM2*,880L,0,0,0,"SUB OF PART OF SAUSAL REDONDO RANCHOLOT COM N 0›06'45"" W 902.37 FT ANDS 60›41' E 34.42 FT FROM SW COR OF SEC18 T 3S R 14W TH S 70›46'10"" E 219.56FT TH E ON A CURVE CONCAVE TO N (R="
25135,5106027900,7,12,0,0,,0,0,ÿ,ÿ,0,0,0,0,0,0,L A CITY HOUSING AUTHORITY,,,,C,1967-09-23,50,5024,,,,90058,HOLMES AVE,LOS ANGELES CA,,,0,0,,,,0,,,TRACT # 16652,1,,,LARD2,880L,0,0,0,
25136,5106027901,7,12,0,0,,0,0,ÿ,ÿ,0,0,0,0,0,0,L A CITY HOUSING AUTHORITY,,,,,,0,0,,,,0,,,,,0,0,,,,0,,,TRACT # 16652,2,,,LARD2,880L,0,0,0,
25137,5695001902,11689,03,0,0,1991-06-14,0,0,ÿ,ÿ,0,0,0,0,0,0,LACMTA,,,,,,0,0,,,,0,,,F,2014-03-04,0,1,,,13TH FL,90012,GATEWAY PLAZA,LOS ANGELES CA,CHAPMAN 669.08 ACS ALLOT,,,,GLM2*,880L,0,0,0,RANCHO SAN RAFAEL POR OF GLASSELL AND
25138,7056013800,2589,26,0,0,1933-02-10,0,0,ÿ,ÿ,0,0,0,0,0,0,SO CALIF EDISON CO,SBE PAR 11 MAP 148-19-136 2PT,,,C,2007-05-13,6,19820,,,,90703,NORWALK BLVD,CERRITOS CA,,,0,0,,,,0,,,,6,4S,11,CEOS,880L,2003,2003,200,RANCHO LOS COYOTES SECTIONS TOWNSHIP ANDRANGE AS PER PATENTS BK 1 PG 493-494 ANDO R M 7425 PG 20-21   S 175 FT OF NW 1/4OF SE 1/4 (EX OF STS) OF
25139,7107004800,7324,12,0,0,,0,0,ÿ,ÿ,0,0,0,0,0,0,SO CALIF EDISON CO,SB OF E PAR 5 MAP 148-19-192,,,,,0,0,,,,0,,,,,0,0,,,,0,,,STS) OF,11,19,,BFOS*,880L,0,0,0,CALIFORNIA COOPERATIVE COLONY TRACT   S200 FT OF W 180 FT OF E 1280 FT (EX OF
25140,7412026006,14,26,0,0,2010-08-10,20562967,0,ÿ,ÿ,0,0,0,0,0,0,RANCHO LPG HOLDINGS LLC,,,C/O LAND RECORDS,D,2000-12-31,82,2110,,N,,90731,GAFFEY ST,LOS ANGELES CA,F,2010-10-19,0,333,,,STE 1600,77002,CLAY ST,HOUSTON TX,,A,,,LAM3,880L,0,0,0,"PARCEL MAP AS PER BK 52 PG 29 OF P MLAND DES IN DOC 5775, 6-14-74"
25141,8360003901,7790,27,0,0,,42264,0,ÿ,ÿ,0,0,0,0,0,0,L A COUNTY,,,,,,0,0,,,,0,,,F,2001-12-18,0,500,,W,RM 754,90012,TEMPLE ST,LOS ANGELES CA,AVE POR OF,10,1,,POS*,880L,0,0,0,*TR=PALOMARES TRACT*LOT BD N AND SWBY MC KINLEY AVE AND SE BY BERKELEY
25142,8558023802,2170,06,0,0,1972-01-18,0,0,ÿ,ÿ,0,0,0,0,0,0,SO CALIF EDISON CO,SBE PAR 10 MP 148-19-505 2 PTS,,,,,0,0,,,,0,,,,,0,0,,,,0,,,,24,,,BPOS*,880L,0,0,0,EL MONTE WALNUT PLACE   THAT PART DESCIN DOC NO 111 1-18-72 OF
29216,2324001803,13,03,0,0,1999-01-02,0,0,ÿ,ÿ,0,0,0,0,0,0,PACIFIC BELL WIRELESS,,,,,,0,0,,,,0,,,F,2015-09-16,0,430,,,3RD FL,94108,BUSH ST,SAN FRANCISCO CA,2748-19-16 POR OF LOT 113,,,,LAM2,880X,0,0,0,TR=1212 THAT POR SHOWN AS PAR 1 SBE
29217,2324002803,13,03,0,0,,0,0,ÿ,ÿ,0,0,0,0,0,0,SOU PAC TRANS CO,SBE 872-19-79P PAR 61,,,,,0,0,,,,0,,,,,0,0,,,,0,,,POR OF SEC 1 T1N R15W,,,,LAM2,880X,0,0,0,M R 31-75 FOR DESC SEE ASSESSOR'S MAPS
29218,2715034800,16,22,0,0,1999-02-17,0,0,ÿ,ÿ,0,0,0,0,0,0,LOS ANGELES SMSA LTD PTNSHP,SBE 2532 19 207 PAR 1,,,,,0,0,,,,0,,,F,2007-05-13,0,1,,,10   FLR,94111,CALIFORNIA ST,SAN FRANCISCO CA,IN NE 1/4 OF SEC 11 T2N R16W,,,,LAPF,880X,0,0,0,THAT POR SHOWN AS SBE2532-19-207 PAR 1
29219,5269023055,6330,11,0,0,2005-10-27,317459,0,ÿ,ÿ,0,0,0,0,0,0,"BOYADJIAN,MUSHEJ AND DEBORAH",,,,,,0,0,,,,0,,,F,2006-12-10,0,616,,W,,90640,VICTORIA AVE,MONTEBELLO CA,TR=30926 LOT 28,,,,MNR1*,880X,1981,1981,144,
29220,5307008800,4,22,0,0,1998-04-01,0,0,ÿ,ÿ,0,0,0,0,0,0,COX CALIFORNIA PCS LP,,,,,,0,0,,,,0,,,F,2000-03-07,0,18200,,,STE  100,92612,VON KARMAN AVE,IRVINE CA,SBE 2720-19-57 PAR 1 OF LOT 6 BLK 43,,,,LAOS,880X,0,0,0,PASADENA VILLA TRACT THAT POR SHOWN AS
29221,5502031016,9951,23,0,2015,1982-03-08,145300,87704,ÿ,ÿ,0,0,0,0,0,0,CONSULATE OF THE REPUBLIC OF,INDONESIA,,,D,2005-12-12,50,645,,S,,90005,MARIPOSA AVE,LOS ANGELES CA,F,1997-06-03,0,3457,,,,90010,WILSHIRE BLVD,LOS ANGELES CA,LOTS 17 THRU 24 IN TRA 00067,,,,LAP,880X,0,0,0,MB 8-54 S 30.98 FT OF LOT 16 AND ALL OF
29222,6032013904,293,25,0,0,1993-09-30,110132,0,ÿ,ÿ,0,0,0,0,0,0,L A CITY,,,,,,0,0,,,,0,,,,,0,0,,,,0,,,AND 129,,,,LAC2,880X,0,0,0,"SUNNY SIDE PARK EX OF ST LOTS 127,128"
29223,7238030803,5533,22,4,0,1999-01-02,0,0,ÿ,ÿ,0,0,0,0,0,0,PACIFIC BELL WIRELESS,SBE 2748 19 2 PAR 1,,,,,0,0,,,,0,,,F,2005-05-15,0,430,,,3    FLR,94108,BUSH ST,SAN FRANCISCO CA,19-2 PAR 1 POR OF W 1/2 SEC 36 T4S R12W,,,,LBI*,880X,0,0,0,D M 700-138-141 LAND SHOWN AS SBE 2748-
29224,7503013819,13511,26,2,0,2003-01-02,0,0,ÿ,ÿ,0,0,0,0,0,0,AES REDONDO BEACH LLC,SBE 1101 19 1 PAR 1,,,C,2003-12-14,75,1100,,N,,90277,HARBOR DR,REDONDO BEACH CA,,,0,0,,,,0,,,FOR DESC SEE ASSESSORS MAP,,,,RBP-GP,880X,0,0,0,
29413,2504008800,16,03,0,0,,0,0,ÿ,ÿ,0,0,0,0,0,0,SO CALIF EDISON CO,S B OF E PAR 3 MAP 148-19-91,,,,,0,0,,,,0,,,,,0,0,,,,0,,,,17,,,LAPF,881L,0,0,0,LICENSED SURVEYOR'S MAP AS PER BK 31PG 30 TO 34 OF L S PARCEL
29414,2504009800,16,03,0,0,,0,0,ÿ,ÿ,0,0,0,0,0,0,SO CALIF EDISON CO,S B OF E PAR 2 MAP 148-19-91,,,,,0,0,,,,0,,,,,0,0,,,,0,,,,16,,,LAPF,881L,0,0,0,LICENSED SURVEYOR'S MAP AS PER BK 31PG 30 TO 34 OF L S   (EX OF STS)
29415,8002019806,5923,27,0,0,,0,0,ÿ,ÿ,0,0,0,0,0,0,SO CALIF GAS CO,S B E PAR 1 MAP 149-19-130,,,,,0,0,,,,0,,,,,0,0,,,,0,,,W PART OF,4,,,SSM2*,881X,0,0,0,RANCHO COLIMA SURVEYED FOR B GUIRADOLOT COM N 41›15' W 900.37 FT AND S 85›29' W 622.75 FT FROM NE COR OF LOT 1TR NO 5326 TH S 4›31' E 110 FT WITH AUNIFORM DEPTH OF 324 FT S 85›29'
29544,5533033902,67,09,0,0,1962-09-13,181883,0,ÿ,ÿ,0,0,0,0,0,0,L A CITY,,,,C,2004-05-18,50,6014,,,,90038,WARING AVE,LOS ANGELES CA,,,0,0,,,,0,,,5 AND              6   M,,,,LACM,8822,0,0,0,"SENECA HEIGHTS EX OF ST LOT 1,2,3,4,"
29545,6256004910,3266,26,0,0,2003-11-21,0,0,ÿ,ÿ,0,0,0,0,0,0,DOWNEY CITY,,,,D,2009-05-20,0,12400,,,,90241,CLARK AVE,DOWNEY CA,F,2004-05-18,0,8425,,,,90241,2ND ST,DOWNEY CA,OF SW 1/4 OF SEC 10 T3S R12W,,,,DOM2-P*,8822,2010,2010,19716,M R 30-34 POR OF LOT 3 IN SUB OF SW 1/4
29666,5036008901,210,25,0,0,1972-08-01,46104,0,ÿ,ÿ,0,0,0,0,0,0,L A COUNTY,,,,D,2000-03-07,50,3834,,S,,90062,WESTERN AVE,LOS ANGELES CA,F,2001-12-18,0,500,,W,RM 754,90012,TEMPLE ST,LOS ANGELES CA,AND,12,,,LAC2,8825,1972,1972,3600,FENWAY PARK   (EX OF ST) LOTS 11
29667,5148012001,13263,23,0,0,1990-04-03,372988,1455927,ÿ,ÿ,0,0,0,0,0,0,SINGLE ROOM OCCUPANCY,HOUSING CORP,,C/O SRO HOUSING CORP,D,1993-07-01,50,400,,E,,90013,5TH ST,LOS ANGELES CA,F,2013-12-19,0,1055,,W,STE 3250,90017,7TH ST,LOS ANGELES CA,,5,,,LAR5,8825,2003,2002,5496,HAMILTONS SUB OF PART OF THE URQUIDEZGARDEN LOT COM AT SE COR OF SAN JULIANAND 5 STS TH SE ON SW LINE OF 5 ST50 FT TH SW ON SE LINE OF LOT 5 78.41 FTTH NW TO SE LINE OF SAN JULIAN ST TH NE
29668,5148012002,13263,23,0,0,1993-06-14,43778,137,ÿ,ÿ,0,0,0,0,0,0,SINGLE ROOM OCCUPANCY HOUSING,CORPORATION,,C/O SRO HOUSING CORP,D,,0,0,,,,0,,,F,2013-12-19,0,1055,,W,STE 3250,90017,7TH ST,LOS ANGELES CA,,5,,,LAR5,8825,0,0,0,"*LAND DESC IN DOC 0002700, 76-4-20*TR=HAMILTON'S SUB OF PART OF THEURQUIDEZ GARDEN*POR OF"
29669,5173031902,4,22,0,0,,0,0,ÿ,ÿ,0,0,0,0,0,0,L A CITY HOUSING AUTHORITY,,,,,,0,0,,,,0,,,,,0,0,,,,0,,,31 THRU 39 AND EX OF STS LOT 40,,,,LAM1,8825,0,0,0,CUMMINGS FIRST STREET TR EX OF ST LOTS
29670,5244005905,1048,27,0,0,1942-02-02,421415,0,ÿ,ÿ,0,0,0,0,0,0,L A COUNTY,,,,D,2003-05-19,50,1500,,S,,90040,MCDONNELL AVE,COMMERCE CA,F,2001-12-18,0,500,,W,RM 754,90012,TEMPLE ST,LOS ANGELES CA,PART OF,43,,,CMM2*,8825,0,0,0,RANCHO LAGUNA 5.14 MORE OR LESS ACS THATPART IN L A UNIFIED SCHOOL DIST OF LOTS43 AND 44 D A F LOT COM AT INTERSECTIONOF SE LINE OF TRACT NO 5100 WITH S LINEOF LOT 43 TH NE ON SD SE LINE 665 FT TH
29671,6195019037,2941,26,0,0,2014-03-05,569544,253705,,,0,0,0,0,0,0,"FAZELY,SAYED AND EVELIN Y",,,,D,2007-05-13,19,14927,,S,,90221,ATLANTIC AVE,COMPTON CA,E,,0,0,,,,92877,PO BOX 77325,CORONA CA,,178,,,,8825,1936,1935,9514,TR=10377*LOTS 177 AND
29672,7368001031,9340,14,0,0,1991-07-11,597523,903757,7,4,10000,0,1501280,10000,0,0,TORRANCE ACCESSIBLE APTS CORP,,,,D,2001-12-18,94,22520,,,,90505,OCEAN AVE,TORRANCE CA,F,2014-01-07,0,6430,,,,91367,INDEPENDENCE AVE,WOODLAND HILLS CA,P M 155-54-55,2,,,TORR-MH,8825,1984,1984,9312,
29673,8445001916,3210,27,0,0,1977-07-01,84530,0,ÿ,ÿ,0,0,0,0,0,0,STATE OF CALIF,,,,C,2005-12-12,21,233,,N,,91723,2ND AVE,COVINA CA,,,0,0,,,,0,,,OF LOTS 19 AND 20 BLK 2,,,,CVTCP*,8825,0,0,0,"*LAND DESC IN DOC 0704942, 77-7-1*TR=RICHMOND TR NO 1 ADD TO THE TOWN OFCOVINA*VAC ALLEY ADJ ON S AND (EX OF ST)POR OF LOTS 1 THRU 5 BLK 6*TR=COVINA*POR"
29674,8566006901,3610,11,0,0,,210063,0,ÿ,ÿ,0,0,0,0,0,0,EL MONTE CITY,,,,C,1993-07-01,25,3130,,,,91731,TYLER AVE,EL MONTE CA,,,0,0,,,,0,,,PART OF,40,,,EMR4*,8825,0,0,0,"TRACT NO 3480  1/2 VAC ST ADJ ON SW ANDLOT EX OF ST COM AT NW COR OF LOT 40 THN 89›45'30"" E 357.94 FT TH S 0›04' E TOSW LINE OF SD LOT TH NW THEREON TO WLINE OF SD LOT TH N 0›14'30"" W TO BEG"
29675,8566006903,6543,11,0,0,,27661,0,ÿ,ÿ,0,0,0,0,0,0,EL MONTE CITY,,,,C,1993-07-01,25,3120,,,,91731,TYLER AVE,EL MONTE CA,,,0,0,,,,0,,,,37,,,EMR4*,8825,0,0,0,*TR=3480*1/2 VAC ST ADJ ON NE AND LOTCOM AT INTERSECTION OF E LINE OF TYLERAVE WITH NE LINE OF LOT 37 TH S ON SDE LINE TO N LINE OF CAMPUS DR TH  E THE-REON TO E TERMINUS OF SD N LINE TH N
29676,8580032900,6543,11,0,0,2009-11-25,89658,0,ÿ,ÿ,0,0,0,0,0,0,RIO HONDO COMMUNITY COLLEGE DIST,,,,D,1993-07-01,25,3017,,,,91731,TYLER AVE,EL MONTE CA,F,2010-06-06,0,3600,,,,90601,WORKMAN MILL RD,WHITTIER CA,,10,,,EMR1YY,8825,0,0,0,"TRACT NO 10198 LOTS 5,6,7,8,9 AND"
29877,2821002900,1698,02,0,0,1979-01-15,115255,0,ÿ,ÿ,0,0,0,0,0,0,L A CITY,,,,,,0,0,,,,0,,,,,0,0,,,,0,,,,25,3N,17,LCA22*,8829,0,0,0,"LOT COM S ON E LINE OF SEC 25 T 3N R 17W403.28 FT FROM E 1/4 COR OF SD SEC TH SON SD E LINE 466.39 FT TH S 44›49'37"" W362.94 FT TH W 610 FT TH N 72›12'31"" W285.75 FT TH N 34›43'20"" W 335.31 FT TH"
29878,7440036907,14,22,0,0,1975-01-01,4978968,0,ÿ,ÿ,0,0,0,0,0,0,U S GOVT,,,,,,0,0,,,,0,,,,,0,0,,,,0,,,SEE ASSESSOR'S MAPS,,,,LAPF,8829,0,0,0,PORT OF ANGELES MAP NO 1-1241*FOR DESC
29879,7440040906,14,22,0,0,1975-01-01,4866054,0,ÿ,ÿ,0,0,0,0,0,0,U S GOVT,,,,,,0,0,,,,0,,,,,0,0,,,,0,,,SEE ASSESSOR'S MAPS,,,,LAPF,8829,0,0,0,PORT OF ANGELES MAP NO 1-1241*FOR DESC
29880,7440041908,14,22,0,0,1975-01-01,1620309,0,ÿ,ÿ,0,0,0,0,0,0,U S GOVT,,,,,,0,0,,,,0,,,,,0,0,,,,0,,,SEE ASSESSOR'S MAPS,,,,LAPF,8829,0,0,0,PORT OF ANGELES MAP NO 1-1241*FOR DESC
30642,2470003903,2530,22,0,0,2000-02-10,0,0,ÿ,ÿ,0,0,0,0,0,0,LA COUNTY FLOOD CONTROL DISTRICT,,,,,,0,0,,,,0,,,F,2015-10-06,0,900,,S,,91803,FREMONT AVE,ALHAMBRA CA,FOR DESC SEE ASSESSOR'S MAPS,,,,BUR1*,8835,0,0,0,
30643,5130011905,15117,23,0,0,2003-06-19,0,0,ÿ,ÿ,0,0,0,0,0,0,L A UNIFIED SCHOOL DIST,,,,D,2004-05-18,50,1330,,,,90021,NEWTON ST,LOS ANGELES CA,F,2003-12-14,0,355,,S,STE 500,90071,GRAND AVE,LOS ANGELES CA,HAFEN TRACT EX OF ST LOTS 120 THRU 133,,,,LAPF,8835,0,0,0,
30644,5208030900,4,04,0,0,1972-10-12,38934,0,ÿ,ÿ,0,0,0,0,0,0,L A UNIFIED SCHOOL DIST,,,,D,2006-05-21,50,3333,,,,90031,MANITOU AVE,LOS ANGELES CA,F,2009-05-19,0,355,,S,STE 500,90071,GRAND AVE,LOS ANGELES CA,,11,A,,LAPF,8835,0,0,0,ALEXANDER TRACT   LOTS 10 AND
30645,5546022900,200,22,0,0,1981-07-13,120699,0,ÿ,ÿ,0,0,0,0,0,0,L A CITY,,,,,,0,0,,,,0,,,,,0,0,,,,0,,,,31,,,LAR3,8835,0,0,0,*TR=1210*LOTS 30 AND
30646,6076005900,1220,25,0,0,2008-07-22,88110,0,ÿ,ÿ,0,0,0,0,0,0,LA COUNTY HOUSING AUTHORITY,,,MARIE QUON,D,2004-02-23,50,10911,,S,,90044,VERMONT AVE,LOS ANGELES CA,F,2009-05-19,0,2,,S,,91755,CORAL CIR,MONTEREY PARK CA,WOODCREST TR EX OF ST LOTS 145 AND 146,,,,LCC3YY,8835,1997,1997,4815,
30647,8553024903,2088,27,0,0,1975-06-30,0,0,ÿ,ÿ,0,0,0,0,0,0,BALDWIN PARK UNIFIED SCHOOL DIST,,,,,,0,0,,,,0,,,,,0,0,,,,0,,,TR=2034 EX OF STS POR LOT 1,,,,BPRG*,8835,0,0,0,
30648,6317020932,518,12,0,0,1986-01-14,0,0,ÿ,ÿ,0,0,0,0,0,0,L A UNIFIED SCHOOL DIST,,,,D,2006-05-21,10,4412,,,,90201,RANDOLPH ST,BELL CA,F,2009-05-19,0,355,,S,STE 500,90071,GRAND AVE,LOS ANGELES CA,OF W 137.5 FT OF LOT 16,,,,BLR3*,883T,0,0,0,TR=2420 1/2 VAC ST ADJ ON W AND S 40 FT
30649,5124015900,48,09,0,0,1986-07-16,52553,0,ÿ,ÿ,0,0,0,0,0,0,L A UNIFIED SCHOOL DIST,,,,D,2006-05-21,50,2020,,,,90007,OAK ST,LOS ANGELES CA,F,2009-05-19,0,355,,S,STE 500,90071,GRAND AVE,LOS ANGELES CA,,11,,,LAPF,883V,0,0,0,DALY TR*(EX OF ST) LOT 10 AND NE 5 FT OF
30650,5124015902,48,09,0,0,1986-08-27,35264,0,ÿ,ÿ,0,0,0,0,0,0,L A UNIFIED SCHOOL DIST,,,,D,2006-05-21,50,2020,,,,90007,OAK ST,LOS ANGELES CA,F,2009-05-19,0,355,,S,STE 500,90071,GRAND AVE,LOS ANGELES CA,DALY TRACT,12,,,LAPF,883V,0,0,0,
30651,6319009920,13483,12,0,0,1989-04-06,29298,0,ÿ,ÿ,0,0,0,0,0,0,L A UNIFIED SCHOOL DISTRICT,,,,D,2006-05-21,0,6222,,,,90255,STATE ST,HUNTINGTON PARK CA,F,2009-05-19,0,355,,S,STE 500,90071,GRAND AVE,LOS ANGELES CA,TR=5682 LOT 53,,,,HPR3*,883V,0,0,0,
30652,6319009926,13483,12,0,0,1989-04-27,0,0,ÿ,ÿ,0,0,0,0,0,0,L A UNIFIED SCHOOL DISTRICT,,,,D,2006-05-21,0,6222,,,,90255,STATE ST,HUNTINGTON PARK CA,F,2009-05-19,0,355,,S,STE 500,90071,GRAND AVE,LOS ANGELES CA,TR=5682 EX OF ST LOT 45,,,,HPR3YY,883V,0,0,0,
31082,2248023901,13,03,0,0,1975-01-01,2414082,0,ÿ,ÿ,0,0,0,0,0,0,L A CITY,,,,,,0,0,,,,0,,,,,0,0,,,,0,,,"396, 397, 399 AND 400",,,,LAOS,8843,0,0,0,TR=1000*POR OF VAC ST AND POR OF LOTS
31083,2865012916,15438,B1,0,0,1975-01-07,0,0,ÿ,ÿ,0,0,0,0,0,0,L A COUNTY,,,,D,2013-04-02,16,31350,,,,91384,CASTAIC RD,CASTAIC CA,F,2001-12-18,0,500,,W,RM 754,90012,TEMPLE ST,LOS ANGELES CA,SE 1/4 OF SEC 25 T5N R17W,,,,LCA22*,8843,0,0,0,FOR DESC SEE ASSESSOR'S MAPS POR OF
31084,5083033900,401,25,0,0,1957-02-25,0,0,ÿ,ÿ,0,0,0,0,0,0,L A CITY,,,,,,0,0,,,,0,,,,,0,0,,,,0,,,ABILA MINOR,,,,LAC4,8843,0,0,15100,"RANCHO LA CIENEGA LOT COM S 24›42'40"" W10.43 FT FROM NW COR OF LOT 167 VICTORIAPARK TH N 81›49'30"" W 197.05 FT TH S 8›10'30"" W TO A PT S 24›42'40"" W 232.88 FTAND N 65›17'20"" W FROM SD NW COR TH S"
31085,5119004900,4,12,0,0,,82356,0,ÿ,ÿ,0,0,0,0,0,0,L A CITY PLAYGROUND,,,,,,0,0,,,,0,,,,,0,0,,,,0,,,,44,3,,LAOS,8843,0,0,0,"GEO DALTON SR TRACT LOTS 24,26,28,30,32,34,36,38,40,42 AND"
31086,6140002905,13283,26,0,0,1983-08-30,0,0,ÿ,ÿ,0,0,0,0,0,0,CARSON CITY,,,,,,0,0,,,,0,,,,,0,0,,,,0,,,POR OF LOT 17,,,,CAOS*,8843,0,0,0,BASSETT TRACT 1/2 VAC ST ADJ ON E AND
31087,7210029900,5500,26,0,0,1972-03-01,22412,0,ÿ,ÿ,0,0,0,0,0,0,LONG BEACH CITY,,,,,,0,0,,,,0,,,,,0,0,,,,0,,,LOTS 10 AND,11,,,LBP*,8843,0,0,0,TRACT NO 2313   1/2 VAC ST ADJ ON S AND
31088,8530022901,3406,27,0,0,1992-12-02,304825,0,ÿ,ÿ,0,0,0,0,0,0,DUARTE CITY,,,,,,0,0,,,,0,,,F,1997-06-03,0,1600,,,,91010,HUNTINGTON DR,DUARTE CA,,30,1N,10,DUC4*,8843,0,0,0,*TR=SUB OF THE RANCHO AZUSA DE DUARTE*LOT COM E ON S LINE OF HUNTINGTON DRPER CSB205-1  610 FT FROM W LINE OF LOT14 IN SEC 30 T 1N R 10W TH E ON SD SLINE 134.7 FT TH S 0›31' W 58.6 FT TH S
31089,5037027937,198,22,0,0,,0,0,ÿ,ÿ,0,0,0,0,0,0,STATE OF CALIF 6TH DIST,AGRICULTURAL ASSN,,,C,2010-01-10,50,3911,,S,,90037,FIGUEROA ST,LOS ANGELES CA,,,0,0,,,,0,,,FOR DESC SEE ASSESSOR'S MAPS,,,,LAOS,8844,0,0,0,
31090,7278010912,5536,22,0,0,1975-01-01,6921610,0,ÿ,ÿ,0,0,0,0,0,0,LONG BEACH CITY,,,,D,2011-01-09,49,300,,E,,90802,OCEAN BLVD,LONG BEACH CA,F,2008-08-07,0,333,,W,3 FL,90802,OCEAN BLVD,LONG BEACH CA,SE AND SW BY SHORELINE DR W BY PINE AVE,,,,LBPD6,8844,1962,1962,303704,*TR=RECLAIMED LANDS AS SHOWN ON LONGBEACH CITY ENGINEERS SECTION MAPS*THATPOR IN LONG BEACH CITY T D NO 1 DOWNTOWNREDEV PROJ AND IN L A CO FLOOD CONTROLDIST ZONE 1 OF LOT BD N BY SEASIDE WY
31091,8056004900,6775,12,0,0,,220310,0,ÿ,ÿ,0,0,0,0,0,0,NORWALK CITY,,,SOUTHEAST REC & PARK DIST,,,0,0,,,,0,,,F,2013-03-22,0,12700,,,,90650,NORWALK BLVD,NORWALK CA,PART OF,18,3S,11,NOR3*,8844,0,0,0,RANCHO LOS COYOTES SECTIONS TOWNSHIP ANDRANGE AS PER PATENTS BK 1 PG 493-494 ANDO R M 7425 PG 20-21 LOT COM AT MOST SCOR OF LAND DESC IN OR16366-241 TO L ACO TH S 57›05' E TO NW LINE OF TRACT
31092,8125062903,9893,22,0,0,,0,0,ÿ,ÿ,0,0,0,0,0,0,U S GOVT,,,,C,2010-06-06,102,11003,,,,90601,ROOKS RD,WHITTIER CA,,,0,0,,,,0,,,PASO DE BARTOLO AND POR LOT J TR 2712,,,,LCCR-A15*,8844,1978,1978,25000,"POR LOT 2 TR 3159 AND POR LOTS 35,39 RO"
31093,4288030909,8605,25,0,0,1974-07-17,39572,0,ÿ,ÿ,0,0,0,0,0,0,STATE OF CALIF,,,,,,0,0,,,,0,,,,,0,0,,,,0,,,PART OF LAND ADJ CRESCENT BAY TR ON SW,,,,SMBEACH*,8845,0,0,0,"LAND DES IN PAR 2 DOC 286, 74-7-17THAT PART IN SANTA MONICA OCEAN PARKREDEVELOPMENT PROJECT NO 2 OF LOT 177CRESCENT BAY TR AND LAND ADJ ON SW DAFLOT COM AT INTERSECTION OF SW PROLONGA-"
31094,4288030910,8604,25,0,0,1974-07-17,594301,0,ÿ,ÿ,0,0,0,0,0,0,STATE OF CALIF,,,,,,0,0,,,,0,,,,,0,0,,,,0,,,OF LAND ADJ ON SW,,,,SMBEACH-DP*,8845,0,0,0,"LAND DES IN PAR 2 DOC 286, 74-7-17THAT PART OUTSIDE SANTA MONICA OCEANPARK REDEVELOPMENT PROJECT NO 2 OF LOTCOM AT INTERSECTION OF SW PROLONGATIONOF C/L OF PIER AVE WITH MEAN HIGH TIDE"
31095,4290022901,8604,07,0,0,1959-05-25,1152817,0,ÿ,ÿ,0,0,0,0,0,0,STATE OF CALIF,,,,A,,0,0,,,,0,,,,,0,0,,,,0,,,AND LAND ADJ ON SW,,,,SMRVC-BEACH*,8845,0,0,0,"CARL F SCHADER SEASIDE TERRACE LOTS C,D,E,F,G,H,I,J,K,L,M,N,O,P,Q,R AND S"
31096,4443001900,8693,22,0,0,1995-09-19,946590,0,ÿ,ÿ,0,0,0,0,0,0,L A COUNTY,,,,D,2011-01-09,52,18552,,,,90265,PACIFIC COAST HWY,MALIBU CA,F,2001-12-18,0,500,,W,RM 754,90012,TEMPLE ST,LOS ANGELES CA,OF ALLOT NO 2 TO BONIFACIO MARQUEZ,,,,LCC2*,8845,0,0,0,"RO BOCA DE SANTA MONICA   LOT COM S 37›39'15"" E 40 FT AND WLY ON SLY LINE OFPACIFIC COAST HWY (PER FM 10594) 700.98FT FROM STA 195+54.19 IN SD HWY TH S 2›58'39"" E TO MEAN HIGH TIDE LINE OF"
31097,4443001901,8693,07,0,0,1995-09-19,2756523,0,ÿ,ÿ,0,0,0,0,0,0,L A COUNTY,,,,D,2011-01-09,52,18552,,,,90265,PACIFIC COAST HWY,MALIBU CA,F,2001-12-18,0,500,,W,RM 754,90012,TEMPLE ST,LOS ANGELES CA,PART OF ALLOT NO 2 TO BONIFACIO MARQUEZ,,,,LCR3-R3P-C2*,8845,0,0,0,RO BOCA DE SANTA MONICA   LOT COM ATINTERSECTION OF NE LINE OF ALLOT NO 2 TOBONIFACIO MARQUEZ WITH SLY LINE OFPACIFIC COAST HWY (PER FM 10594) TH SEON SD NE LINE TO STA NO 5 ALLOT NO 3 TO
31098,4448001900,8693,22,0,0,1995-09-19,2677106,0,ÿ,ÿ,0,0,0,0,0,0,L A COUNTY,,,,D,2011-01-09,52,18700,,,,90265,PACIFIC COAST HWY,MALIBU CA,F,2001-12-18,0,500,,W,RM 754,90012,TEMPLE ST,LOS ANGELES CA,OF ALLOT NO 2 TO BONIFACIO MARQUEZ,,,,LCC2*,8845,0,0,0,RO BOCA DE SANTA MONICA   LOT COM ATINTERSECTION OF SW LINE OF RO BOCA DESANTA MONICA WITH SE LINE OF PACIFICCOAST HWY (PER FM 10594) TH NE ON SD SELINE TO S PROLONGATION OF C/L OF TOPANGA
31099,4452005901,10865,22,0,0,1995-09-19,0,0,ÿ,ÿ,0,0,0,0,0,0,L A COUNTY,,,,,,0,0,,,,0,,,F,2001-12-18,0,500,,W,RM 754,90012,TEMPLE ST,LOS ANGELES CA,PAR 3 POR OF LOT 2,,,,LCC2*,8845,0,0,0,"R F 534 LAND DESC IN DOC 1527006,950919"
31100,4452007900,10865,07,0,0,,409888,0,,,0,0,0,0,0,0,STATE OF CALIF,,,,,,0,0,,,,0,,,F,2010-09-14,0,1,,,STE 410,95814,CAPITOL MALL,SACRAMENTO CA,,2,,,,8845,0,0,0,"LAND OF MATTHEW KELLER IN THE RANCHOTOPANGA MALIBU SEQUIT LOT COM S 76›23'45"" E 204.12 FT FROM INTERSECTION OF NELINE OF TR # 12097 WITH W LINE OF LOT 2TH S 76›23'45"" E 807.69 FT TH N 10›43'"
31101,4452007902,10865,07,0,0,1995-09-19,0,0,,,0,0,0,0,0,0,L A COUNTY,,,,,,0,0,,,,0,,,F,2001-12-18,0,500,,W,RM 754,90012,TEMPLE ST,LOS ANGELES CA,PAR 3 POR LAND ADJ ON SE AND POR LOT 2,,,,,8845,0,0,0,"R F 534 LAND DESC IN DOC 1527006,950919"
31102,4452007903,10865,07,0,0,,0,0,,,0,0,0,0,0,0,STATE OF CALIF,,,,,,0,0,,,,0,,,,,0,0,,,,0,,,POR OF LAND ADJ ON SE AND POR OF LOT 2,,,,,8845,0,0,0,R F 534 FOR DESC SEE ASSESSOR'S MAPS
31103,7250021904,5500,26,0,0,2013-08-29,0,0,ÿ,ÿ,0,0,0,0,0,0,LONG BEACH CITY,,,,,,0,0,,,,0,,,F,2013-10-01,0,333,,W,9TH FL,90802,OCEAN BLVD,LONG BEACH CA,7-44 AND LOTS 1 AND 2 MB 9-153,,,,LBPD,8845,0,0,0,"VAC STS,POR LOTS 193,194,215,216 MR 36-3"
31104,3240001029,9608,A1,0,0,2014-09-24,80097,0,ÿ,ÿ,0,0,0,0,0,0,"LEKAVICH,CARL W AND LINDY TRS",CARL AND LINDY LEKAVICH TRUST,,,B,,0,0,,,,0,VAC/212TH STW/VIC AVE F12,ANTELOPE ACRES CA,F,2014-10-14,0,224,,,,90277,VIA MONTE DORO,REDONDO BEACH CA,NW 1/4 OF SE 1/4 OF SEC 31 T8N R15W,,,,LCA25*,8846,0,0,0,
31105,5581001906,13,22,0,0,,0,0,ÿ,ÿ,0,0,0,0,0,0,L A CITY PARK,,,,,,0,0,,,,0,,,F,2010-01-12,0,111,,E,RM 201,90012,1ST ST,LOS ANGELES CA,MAPS POR OF SD RO,,,,LAOS,8846,0,0,0,M R 43-47-59 FOR DESC SEE ASSESSOR'S
31106,7548008900,7102,28,0,0,1965-01-15,1596015,0,ÿ,ÿ,0,0,0,0,0,0,CO SANITATION DIST NO 5,,,,C,2013-02-20,0,26401,,,,90274,CRENSHAW BLVD,ROLLING HILLS ESTATES CA,,,0,0,,,,0,,,,14,,,REA*,8846,0,0,0,"*TR=L A CO ASSESSOR MAP NO 51*LOT COMNW ON SW LINE OF LOT 14, 180 FT FROMINTERSECTION OF SD SW LINE WITH NW LINEOF CRENSHAW BLVD (90 FT WIDE PER CSB1504-1) TH NW ON SD SW LINE TO W LINE OF"
31107,8247013905,4399,22,0,0,2012-09-05,0,0,,,0,0,0,0,0,0,INDUSTRY PROPERTY AND HOUSING,MANAGEMENT AUTHORITY,,C/O DIANE SCHLICHTING,,,0,0,,,,0,,,E,,0,0,,,,91744,PO BOX 3366,CITY OF INDUSTRY CA,MAPS POR OF C W ROWLAND 100.40 AC,,,,1DM*,8846,0,0,0,RO LA PUENTE FOR DESC SEE ASSESSOR'S
31108,8247013906,4399,22,0,0,2012-09-05,0,0,,,0,0,0,0,0,0,INDUSTRY PROPERTY AND HOUSING,MANAGEMENT AUTHORITY,,C/O DIANE SCHLICHTING,,,0,0,,,,0,,,E,,0,0,,,,91744,PO BOX 3366,CITY OF INDUSTRY CA,MAPS POR OF F A ROWLAND 85.11 AC,,,,1DM*,8846,0,0,0,RO LA PUENTE FOR DESC SEE ASSESSOR'S
31109,8247013907,4399,22,0,0,2012-09-05,0,0,,,0,0,0,0,0,0,INDUSTRY PROPERTY AND HOUSING,MANAGEMENT AUTHORITY,,C/O DIANE SCHLICHTING,,,0,0,,,,0,,,E,,0,0,,,,91744,PO BOX 3366,CITY OF INDUSTRY CA,MAPS POR OF F A ROWLAND 85.11 AC,,,,1DM*,8846,0,0,0,RO LA PUENTE FOR DESC SEE ASSESSOR'S
31110,8247013908,4399,22,0,0,1968-05-10,0,0,,,0,0,0,0,0,0,INDUSTRY CITY,,,,,,0,0,,,,0,,,F,2012-12-21,0,15625,,,,91744,STAFFORD ST,CITY OF INDUSTRY CA,MAPS POR OF SD RO,,,,1DM*,8846,0,0,0,RO LA PUENTE FOR DESC SEE ASSESSOR'S
31111,8247036900,4389,22,0,0,1981-01-06,12733,0,ÿ,ÿ,0,0,0,0,0,0,INDUSTRY CITY,,,,,,0,0,,,,0,,,,,0,0,,,,0,,,TR=1690*POR OF,12,,,IDM*,8846,0,0,0,
31112,8480016908,3083,27,0,0,2003-06-02,0,0,ÿ,ÿ,0,0,0,0,0,0,WEST COVINA CITY,,,,D,2004-05-18,101,300,,S,,91791,CITRUS ST,WEST COVINA CA,F,2004-05-18,0,1444,,W,,91790,GARVEY AVE S,WEST COVINA CA,P M 315-48-51 LOT 3,,,,WCRA*,8846,1969,1969,364,
31113,8378023900,5079,22,0,0,1970-09-17,181753,0,ÿ,ÿ,0,0,0,0,0,0,L A COUNTY,,,,D,2005-12-12,79,111,,,,91773,RAGING WATERS DR,SAN DIMAS CA,F,2001-12-18,0,500,,W,RM 754,90012,TEMPLE ST,LOS ANGELES CA,AS PER BK 22 P 38-39 OF MAPS,,,,SD05*,8847,0,0,0,*LOT COM AT INTERSECTION OF NW LINEOF LOT 17 TR NO 1796 AS PER BK 22 P38-39 WITH SE LINE OF SAN DIMAS DRTH NE ON SD SE LINE AND SE ON SWLINE OF PUDDINGSTONE DR AND W AND
31114,8378023901,5079,22,0,0,,307486,0,ÿ,ÿ,0,0,0,0,0,0,LA COUNTY FLOOD CONTROL DISTRICT,,,,D,2005-12-12,79,111,,,,91773,RAGING WATERS DR,SAN DIMAS CA,F,2015-10-06,0,900,,S,,91803,FREMONT AVE,ALHAMBRA CA,AND POR OF LOT 19 TRACT NO 1796,,,,SD05*,8847,0,0,0,*LOT (EX OF ST) COM AT INTERSECTION OFSE LINE OF SAN DIMAS AVE WITH NW LINEOF LOT 17 TR NO 1796 AS PER BOOK 22 PG42-43 TH SW ON SD SE LINE TO A PT NETHEREON 153.89 FT FROM INTERSECTION OF
31115,2032002900,4932,02,0,0,1962-01-12,2921041,0,ÿ,ÿ,0,0,0,0,0,0,L A CITY,,,,,,0,0,,,,0,,,,,0,0,,,,0,,,LOT 1 IN,10,1N,17,LAOS,8848,0,0,0,"55.63 MORE OR LESS ACS COM AT SW COR OFN 1/2 OF NE 1/4 OF SEC 9 T 1N R 17W THN TO NW COR OF SD N 1/2 OF NE 1/4 THS 69›05'23"" E TO SLY LINE OF KITTRIDGEST TH ELY THEREON TO E LINE OF LOT 1 IN"
31116,2580016017,16,03,0,0,1996-12-06,206995,36243,7,7,0,0,194591,0,0,0,SYLMAR INDEPENDENT BASEBALL,LEAGUE INC AND,LOS ANGELES COMM. COLLEDGE DIST.,C/O ALMA SALAZAR,D,2014-09-17,0,12700,,,,91342,GRIDLEY ST,LOS ANGELES CA,E,,0,0,,,,91392,PO BOX 921894,SYLMAR CA,TR=46004 UND 1/2 INT IN LOT 2,,,,LAA1,8848,0,0,0,
31117,2580016903,16,03,0,0,1996-12-06,174200,0,ÿ,ÿ,0,0,0,0,0,0,L A CITY COMMUNITY COLLEGE DIST,,,,,,0,0,,,,0,,,,,0,0,,,,0,,,TR=46004 UND 1/2 INT IN LOT 2,,,,LAA1-1*,8848,0,0,0,
31118,4138027901,6155,29,0,0,2002-05-01,0,0,ÿ,ÿ,0,0,0,0,0,0,MANHATTAN BEACH CITY,,,,D,2004-01-13,53,1801,,,,90266,MARINE AVE,MANHATTAN BEACH CA,F,2003-05-26,0,865,,S,29TH FL,90017,FIGUEROA ST,LOS ANGELES CA,20020501 POR OF LOT 4,,,,MNOS,8848,0,0,0,"PM 269-62-64 LAND DESC IN DOC 1001759,"
31119,4138027902,6155,29,0,0,1999-11-03,0,0,ÿ,ÿ,0,0,0,0,0,0,MANHATTAN BEACH CITY,,,,,,0,0,,,,0,,,F,2014-01-07,0,1400,,,,90266,HIGHLAND AVE,MANHATTAN BEACH CA,MAPS POR OF LOTS 1 AND 4,,,,MNOS,8848,0,0,0,PM 269-62-64 FOR DESC SEE ASSESSOR'S
31120,4204003901,3163,22,0,0,1977-11-10,1167129,0,ÿ,ÿ,0,0,0,0,0,0,CULVER CITY,,,,C,1980-05-14,22,9910,,,,90232,JEFFERSON BLVD,CULVER CITY CA,,,0,0,,,,0,,,CRISTOBAL MACHADO 86.88 AC ALLOT,,,,CCOS,8848,0,0,0,"*TR=TRACTS OF LAND NO 1 AND 2 OF THEALLOTMENT OF ANDRES, JOSE ANTONIO,RAFAEL AND CRISTOBAL MACHADO IN THERANCHO LA BALLONA*LOT COM S 29›50'20""W 738.4 FT FROM MOST E COR OF CRISTOBAL"
31121,5332025900,8541,05,0,0,,499551,0,,,0,0,0,0,0,0,SAN MARINO UNIFIED SCHOOL DIST,,,,,,0,0,,,,0,,,,,0,0,,,,0,,,,1,1S,12,,8848,0,0,0,"LOT COM E 15 FT FROM NW COR OF SEC 1T 1S R 12W TH S 0›33'38"" E 340.40 FTTH N 88›40'15"" E 399.03 FT TH N 15›29'21"" W 199.12 FT TH N 7›26'45"" W 118 FTTH N 1›19'45"" W 30 FT TH S 88›40'15"""
31122,7065005907,2525,26,0,0,1961-01-30,1449991,0,ÿ,ÿ,0,0,0,0,0,0,A B C UNIFIED SCHOOL DIST,,,,,,0,0,,,,0,,,,,0,0,,,,0,,,,7,4S,11,HGSCHOOL*,8848,0,0,0,"RANCHO LOS COYOTES SECTIONS, TOWN-SHIP AND RANGE AS PER PATENTS BK 1PG 493-494 AND O R M 7425 PG 20-21LOT COM AT INTERSECTION OF W LINE OFE 30.55 ACS OF NW 1/4 OF SW 1/4 OF"
31123,8167001900,9119,22,0,0,,836377,0,ÿ,ÿ,0,0,0,0,0,0,WHITTIER CITY,,,,,,0,0,,,,0,,,,,0,0,,,,0,,,PART OF,4,,,WHM1*,8848,0,0,0,RESURVEY OF GUNN AND HAZZARD'S PLAT OFTHE CULLEN TRACT LOT EX OF ST COM S 39›30' W 60 FT AND S 49›56' E 20 FT FROMMOST N COR OF LOT 4 TH S 49›56' E 560 FTTH S 40›31' W 645.22 FT TH N 78›03' W
31124,8212011902,16403,11,0,0,1959-01-08,175479,0,ÿ,ÿ,0,0,0,0,0,0,L A COUNTY,,,,D,2006-02-02,0,14830,,,,91744,GIORDANO ST,LA PUENTE CA,F,2001-12-18,0,500,,W,RM 754,90012,TEMPLE ST,LOS ANGELES CA,EX OF ST OF,404,,,LCA16000*,8848,1966,1966,396,TRACT # 606 NE 465.46 FT OF SE 650 FT
31125,8468016910,9487,06,0,0,1980-02-05,72936,0,ÿ,ÿ,0,0,0,0,0,0,REDEVELOPMENT AGENCY OF,WEST COVINA CITY,,,,,0,0,,,,0,,,,,0,0,,,,0,,,PM,3,,,WCMF20-OP*,8848,0,0,0,*TR=PARCEL MAP AS PER BK 122 P 68-69 OF
31126,8560028904,2170,06,0,0,1973-04-10,25355,0,ÿ,ÿ,0,0,0,0,0,0,BALDWIN PARK CITY,,,,,,0,0,,,,0,,,,,0,0,,,,0,,,,11,,,BPR1*,8848,0,0,0,"EL MONTE WALNUT PLACE   LOT COM AT MOSTE COR OF TR NO 15555 TH N 50›54' W TOSE LINE OF LAND DESC IN DOC NO 111,1-18-72 TO SO CALIF EDISON CO TH NEON SD SE LINE TO NW LINE OF VINELAND"
31127,8735001913,10611,22,0,0,2006-07-17,0,0,ÿ,ÿ,0,0,0,0,0,0,WEST COVINA CITY,,,,D,2011-05-08,101,2100,,S,,91792,AZUSA AVE,WEST COVINA CA,F,2007-05-13,0,1444,,W,,91790,GARVEY AVE S,WEST COVINA CA,LOT 10,,,,WCR19450&H-R175,8848,0,0,0,PM 336-93-100 THAT POR IN TRA 10611 OF
31128,8735001914,10614,22,0,0,2006-07-17,0,0,ÿ,ÿ,0,0,0,0,0,0,WEST COVINA CITY,,,,,,0,0,,,,0,,,F,2007-05-13,0,1444,,W,,91790,GARVEY AVE S,WEST COVINA CA,LOT 10,,,,WCR114400&H-R19,8848,0,0,0,PM 336-93-100 THAT POR IN TRA 10614 OF
31129,2784001901,16,02,0,0,1978-06-23,576369,0,ÿ,ÿ,0,0,0,0,0,0,L A CITY,,,,D,1995-06-05,63,8956,,,,91324,VANALDEN AVE,LOS ANGELES CA,F,1995-06-05,0,8956,,,,91324,VANALDEN AVE,NORTHRIDGE CA,,156,,,LAOS,8849,1980,1980,11189,"*LAND DESC IN DOC 0684301,780623 PAR A*TR=ZELZAH*POR OF LOTS 149 AND"
31130,4033015900,4564,09,0,0,1978-01-06,23305,0,ÿ,ÿ,0,0,0,0,0,0,INGLEWOOD CITY,,,,C,1978-05-12,35,11125,,,,90303,DOTY AVE,INGLEWOOD CA,,,0,0,,,,0,,,,275,,,INR2YY,8849,1995,1995,3009,*TR=1615*S 86 FT OF
31131,4135013905,3710,26,0,0,1977-09-23,108609,0,ÿ,ÿ,0,0,0,0,0,0,EL SEGUNDO CITY,,,,C,1978-01-04,26,405,,E,,90245,GRAND AVE,EL SEGUNDO CA,,,0,0,,,,0,,,ON W AND,1,38,,ESC2*,8849,0,0,0,*TR=EL SEGUNDO*LOT 2 AND VAC ST ADJ
31132,5081002001,67,25,0,0,2009-12-23,966536,473048,7,4,10000,0,1439584,10000,0,0,KOREATOWN YOUTH AND,COMMUNITY CENTER INC,,,D,2007-05-13,50,1140,,,,90019,CRENSHAW BLVD,LOS ANGELES CA,F,2010-06-06,0,3727,,W,NO 300,90020,6TH ST,LOS ANGELES CA,MAPS,,,,LAC2,8849,2005,2005,4544,"LOT COM S 24›30' W 46 FT FROM NE COROF LOT 2 N C KELLEY'S MONTVIEW TRACTTH S 24›30' W 27.3 FT TH S 24›25'05"" W37.13 FT TH N 65›43'25"" W 1.25 FT TH S24›25'05"" W 31 FT TH N 65›43'25"" W TO"
31133,5258002901,3925,11,0,0,1978-03-02,13955,0,ÿ,ÿ,0,0,0,0,0,0,MONTEREY PARK CITY,,,,D,1999-07-29,57,311,,N,,91755,RURAL DR,MONTEREY PARK CA,F,1997-06-03,0,320,,W,,91754,NEWMARK AVE,MONTEREY PARK CA,,3,,,MPR2*,8849,1998,1998,2843,TRACT NO 1548   E 65 FT OF N 124 FT OF
31134,6002003027,204,25,0,2010,1986-08-19,74203,1421785,ÿ,ÿ,0,0,0,0,0,0,PEOPLE WHO CARE YOUTH CENTER INC,,,,D,1993-07-01,50,1512,,W,,90047,SLAUSON AVE,LOS ANGELES CA,F,1995-06-05,0,1504,,W,,90047,SLAUSON AVE,LOS ANGELES CA,,108,,,LACM,8849,2009,2009,5396,TRACT # 4342 E 30 FT EX OF ST OF
31135,8141027037,9640,27,0,0,2006-10-03,1731175,1463868,ÿ,4,0,0,3195043,0,0,0,BOYS AND GIRLS CLUB,OF WHITTIER INC,,,D,2013-02-07,0,7905,,,,90602,GREENLEAF AVE,WHITTIER CA,F,2006-10-26,0,7905,,S,,90602,GREENLEAF AVE,WHITTIER CA,"TR=6201 LOTS 3,4,5,6,7 AND 8",,,,WHC2*,8849,0,0,0,
31136,5711013008,7497,27,0,0,1993-03-11,306511,134729,ÿ,ÿ,0,0,0,0,0,0,WELLS FARGO BANK TR,PALOHEIMO CHARITABLE TRUST,,C/O PDS TAX SERVICES,D,1995-06-05,71,470,,W,,91103,WALNUT ST,PASADENA CA,E,,0,0,,,,76094,PO BOX 13519,ARLINGTON TX,,1,,,PSC*,884L,0,0,0,FENYES TRACT   LOT COM AT INTERSECTIONOF S LINE OF WALNUT ST (PER CF 1601)WITH E LINE OF LOT 1 TH W ON SD S LINEAND SW ON SE LINE OF ORANGE GROVE BLVDTO N LINE OF LOT 2 TH E THEREON 227.01
31137,8480016030,3083,30,0,0,2003-06-02,23,0,ÿ,ÿ,0,0,0,0,0,0,VALENCIA HEIGHTS WATER COMPANY,,,,,,0,0,,,,0,,,F,2004-05-18,0,3009,,E,,91791,VIRGINIA AVE,WEST COVINA CA,P M 315-48-51 POR OF LOT 2,,,,WCRA*,884V,0,0,0,
31138,4472021271,8647,22,0,0,1954-04-08,133810,25692,ÿ,ÿ,0,0,0,0,0,0,L A CITY,,,C/O CID MACARAEG,D,1976-03-29,52,3100,,,,90265,DECKER RD,MALIBU CA,F,2016-06-17,0,221,,N,STE 400,90012,FIGUEROA ST,LOS ANGELES CA,OF NW 1/4 OF,20,1S,19,LCRR1*,884X,0,0,0,"LOT (EX OF STS) COM S 0›00'05"" E286.97 FT FROM NE COR OF SE 1/4 OFNW 1/4 OF SEC 20 T 1S R 19W TH S 0›00'05"" E TO CENTER OF SD SEC TH S 89›50' WTO SW COR OF SD SE 1/4 OF NW 1/4 TH N 0›"
31179,4290023901,8604,22,0,0,1959-05-25,1025983,0,ÿ,ÿ,0,0,0,0,0,0,STATE OF CALIF,,,,C,2012-03-04,84,380,,,,90401,SANTA MONICA PIER,SANTA MONICA CA,,,0,0,,,,0,,,AND LAND ADJOINING,,,,SMRVC-DP-BEACH*,8854,0,0,0,LOT COM AT MOST N COR OF LOT 35 MOSSTRACT TH SW ON NW LINE OF SD LOT 155.22FT TH NW ON SW LINE OF RANCHO SANVICENTE Y SANTA MONICA TO SE LINE OFCOLORADO AVE TH S 45›38' W TO MEAN HIGH
31180,4290023902,8604,22,0,0,,451429,0,ÿ,ÿ,0,0,0,0,0,0,SANTA MONICA CITY,,,,C,2012-03-04,84,200,,,,90401,SANTA MONICA PIER,SANTA MONICA CA,,,0,0,,,,0,,,155.22 FT TO BEG,,,,SMRVC*,8854,0,0,0,"LAND DES IN DOC NO 3392, 75-1-20RANCHO SAN VICENTE Y SANTA MONICA   LOTCOM AT MOST N COR OF LOT 35 MOSS TR THNW ON SW LINE OF THE PROMENADE TO SELINE OF COLORADO AVE TH SW THEREON TO"
31181,7436009901,5521,22,0,0,2003-07-03,164000,0,ÿ,ÿ,0,0,0,0,0,0,LONG BEACH CITY,,,,,,0,0,,,,0,,,E,,0,0,,,,90801,PO BOX 570,LONG BEACH CA,POR OF LOTS A AND B,,,,LBIP,8854,1980,1980,38220,TR=10434 FOR DESC SEE ASSESSOR'S MAPS
31182,7440017910,14,22,0,0,1994-12-22,0,0,ÿ,ÿ,0,0,0,0,0,0,L A CITY,,,,,,0,0,,,,0,,,,,0,0,,,,0,,,AND POR OF MAP NO 1-1241,,,,LAM3,8854,0,0,0,UND 1/2 INT IN POR OF LOT 12 TR=3192
31183,7440028905,14,22,0,0,1975-01-01,31621036,0,ÿ,ÿ,0,0,0,0,0,0,L A CITY,,,,C,2012-03-04,50,614,,,,90731,TERMINAL WAY,LOS ANGELES CA,,,0,0,,,,0,,,SEE ASSESSOR'S MAPS,,,,LAM3,8854,0,0,0,PORT OF ANGELES MAP NO 1-1241*FOR DESC
31184,7440028906,14,22,0,0,2006-01-02,0,0,ÿ,ÿ,0,0,0,0,0,0,L A CITY HARBOR DEPT,,,,,,0,0,,,,0,,,F,2011-05-03,0,111,,E,# 201,90012,FIRST ST,LOS ANGELES CA,PIER 300,,,,LAM3,8854,0,0,0,PORT OF LOS ANGELES MAP NO 1-1241
31185,7440032904,14,22,0,0,1975-01-01,3363584,0,ÿ,ÿ,0,0,0,0,0,0,L A CITY HARBOR DEPT,,,,D,2012-03-04,50,1065,,S,,90731,SEASIDE AVE,LOS ANGELES CA,F,2015-01-30,0,512,,N,,99301,ROAD 39,PASCO WA,SEE ASSESSOR'S MAPS,,,,LAM3,8854,0,0,0,PORT OF ANGELES MAP NO 1-1241*FOR DESC
31186,7440042904,14,22,0,0,2001-01-02,0,0,ÿ,ÿ,0,0,0,0,0,0,L A CITY HARBOR DEPT,,,,D,2012-03-04,50,2500,,,,90731,NAVY WAY,LOS ANGELES CA,F,2011-05-03,0,111,,E,# 201,90012,FIRST ST,LOS ANGELES CA,PIER 400,,,,LAM3,8854,0,0,0,PORT OF LOS ANGELES MAP NO 1-2209
31802,3049025900,4538,A1,0,0,1942-06-11,4734,0,ÿ,ÿ,0,0,0,0,0,0,LITTLEROCK CREEK IRRIGATION DIST,S BY S,,,A,,0,0,,,,0,VAC/87TH STE/VIC PEARBLOSSOM HWY,LITTLEROCK CA,,,0,0,,,,0,,,OF SE 1/4 OF,13,5N,11,LCM1-A210000*,8856,0,0,0,"LOT COM AT INTERSECTION OF W LINE OFW 1/2 OF NE 1/4 OF SE 1/4 OF SEC 13 T5N R 11W WITH NW LINE OF LAND DESC INDOC # 3738,9-26-56 TO ALFRED K SWEET THNE AND FOLLOWING BDRY LINE OF SD LAND"
31803,3049025904,4538,A1,0,0,1942-06-11,37907,0,ÿ,ÿ,0,0,0,0,0,0,LITTLEROCK CREEK IRRIGATION DIST,S BY S,,,A,,0,0,,,,0,VAC/87TH STE/VIC PEARBLOSSOM HWY,LITTLEROCK CA,,,0,0,,,,0,,,1/4 OF SE 1/4 OF SEC 13 T5N R11W,,,,LCM1-A210000*,8856,0,0,0,FOR DESC SEE ASSESSOR'S MAPS POR OF NE
31804,3049025907,4540,A1,0,0,1942-06-11,0,0,ÿ,ÿ,0,0,0,0,0,0,LITTLEROCK CREEK IRRIGATION DIST,S BY S,,,B,,0,0,,,,0,VAC/COR PEARBLOSSOM HWY/87TH STE,LITTLEROCK CA,F,2013-01-10,0,35141,,,,93543,87TH ST E,LITTLEROCK CA,SEC 13 T5N          R11W,,,,LCM1*,8856,0,0,0,N 150 FT OF E 150 FT OF SE 1/4 EX OF STS
31805,8666045900,5044,06,0,0,1964-12-29,124,0,ÿ,ÿ,0,0,0,0,0,0,LA VERNE CITY,,,,,,0,0,,,,0,,,,,0,0,,,,0,,,W THEREON TO BEG,,,,LVPR3D*,8856,0,0,0,"*TR=VACATION OF BLKS 11 TO 20 PIEDMONT*LOT COM AT MOST N,NE COR OF LOT 36 TRNO 32780 TH S ON E LINE OF SD LOT 20 FTTH E PARALLEL WITH S LINE OF LOT 35 SDTR NO 32780, 22 FT TH N TO SD S LINE TH"
31806,8666045923,5044,06,0,0,1964-12-29,0,0,ÿ,ÿ,0,0,0,0,0,0,LA VERNE CITY,,,,,,0,0,,,,0,,,,,0,0,,,,0,,,POR OF B F MASTERSON 6-5 AC,,,,LVPR3D*,8856,0,0,0,M R 59-62 FOR DESC SEE ASSESSOR'S MAPS
31807,8666045924,5044,06,0,0,1979-02-14,0,0,ÿ,ÿ,0,0,0,0,0,0,LA VERNE CITY,,,,,,0,0,,,,0,,,,,0,0,,,,0,,,TR=32780 EX OF ST LOT 81,,,,LVPR3D*,8856,0,0,0,
31808,2059012027,9035,02,0,0,,1929,1929,ÿ,ÿ,0,0,0,0,0,0,WESTLAKE LAKE MANAGEMENT ASS N,,,,D,,0,0,,,,0,,,F,1979-12-27,0,32353,,,,91361,TRIUNFO CANYON RD,WESTLAKE VILLAGE CA,P M 50-32 LOT 2,,,,WVCR*,8857,1967,1967,33000,
31809,2525011900,16,03,0,0,,6012,0,ÿ,ÿ,0,0,0,0,0,0,U S GOVT,,,,,,0,0,,,,0,,,,,0,0,,,,0,,,PART OF,,21,,LAOS,8857,0,0,0,"THE MACLAY RANCHO LOT EX OF STS COM ATINTERSECTION OF C/L OF ELDRIDGE AVE WITHC/L OF MACLAY ST TH NW ON C/L OFELDRIDGE ST AND ELDRIDGE ST VAC924.61 FT TH S 20›33'51"" W 243.24 FT TH"
31810,2525012900,16,03,0,0,,32018,0,ÿ,ÿ,0,0,0,0,0,0,U S GOVT,,,,,,0,0,,,,0,,,,,0,0,,,,0,,,,,10,,LAOS,8857,0,0,0,"THE MACLAY RANCHO 1/2 VAC ST ADJ ON SWAND LOT COM AT MOST S COR OF BLK 10 TH N41›10'25"" W TO A PT N 41›10'25"" W924.61 FT AND N 20›33'51"" E FROM INTER-SECTION OF C/L OF ELDRIDGE AVE WITH C/L"
31811,3244005902,2641,B1,0,0,1964-04-23,127058,0,ÿ,ÿ,0,0,0,0,0,0,STATE OF CALIF,,,,,,0,0,,,,0,,,,,0,0,,,,0,,,,5,5N,16,LCW*,8857,0,0,0,*SW 1/4 AND E 1/2 OF LOT 8 IN
31812,8533010913,2115,22,0,0,1975-01-01,0,0,ÿ,ÿ,0,0,0,0,0,0,U S GOVT,,,,C,2009-02-17,0,15501,,E,,91706,ARROW HWY,IRWINDALE CA,,,0,0,,,,0,,,T/L EASE IN S 1/2 OF SEC 5 T1S R10W,,,,IRCR*,8857,0,0,0,LOTS 1 AND 2 IN N 1/2 AND EX OF ST AND
31813,8684004900,2071,22,0,0,1995-12-14,2155,0,ÿ,ÿ,0,0,0,0,0,0,LA COUNTY FLOOD CONTROL DISTRICT,,,,D,,0,0,,,,0,,,F,2015-10-06,0,900,,S,,91803,FREMONT AVE,ALHAMBRA CA,T1N R10W,,,,LCW*,8857,0,0,0,NE 1/4 OF SE 1/4 OF SE 1/4 OF SEC 12
31814,8684004902,2071,22,0,0,1995-12-14,2575,0,ÿ,ÿ,0,0,0,0,0,0,LA COUNTY FLOOD CONTROL DISTRICT,,,,D,,0,0,,,,0,,,F,2015-10-06,0,900,,S,,91803,FREMONT AVE,ALHAMBRA CA,SECS 12 AND 13 T1N R10W,,,,LCW*,8857,0,0,0,EX OF ST LILY QUARTZ MINE LOT 40 IN
31815,8684004903,2071,22,0,0,1995-12-14,5611,0,ÿ,ÿ,0,0,0,0,0,0,LA COUNTY FLOOD CONTROL DISTRICT,,,,D,,0,0,,,,0,,,F,2015-10-06,0,900,,S,,91803,FREMONT AVE,ALHAMBRA CA,AND 13 T1N R10W,,,,LCW*,8857,0,0,0,VIOLET QUARTZ MINE LOT 41 IN SECS 12
31816,8684005900,2071,22,0,0,1995-12-14,28588,0,ÿ,ÿ,0,0,0,0,0,0,LA COUNTY FLOOD CONTROL DISTRICT,,,,D,,0,0,,,,0,,,F,2015-10-06,0,900,,S,,91803,FREMONT AVE,ALHAMBRA CA,"CITY WATER DEPT NW 1/4,SEC 13 T1N R10W",,,,LCW*,8857,0,0,0,EX OF ST AND EX 200 FT R/W OF PASADENA
31817,8684005901,2071,22,0,0,1995-12-14,6902,0,ÿ,ÿ,0,0,0,0,0,0,LA COUNTY FLOOD CONTROL DISTRICT,,,,D,,0,0,,,,0,,,F,2015-10-06,0,900,,S,,91803,FREMONT AVE,ALHAMBRA CA,EX 200 FT R/W OF PASADENA CITY WATER,,,,GDE720000*,8857,0,0,0,
31818,8684005902,2071,22,0,0,1995-12-14,8222,0,ÿ,ÿ,0,0,0,0,0,0,LA COUNTY FLOOD CONTROL DISTRICT,,,,D,,0,0,,,,0,,,F,2015-10-06,0,900,,S,,91803,FREMONT AVE,ALHAMBRA CA,EX OF ST LOT 1 SEC 13 T1N R10W,,,,GDE720000*,8857,0,0,0,
31847,2803030907,328,B1,0,0,2012-12-04,0,0,ÿ,ÿ,0,0,0,0,0,0,SANTA CLARITA CITY,,,,,,0,0,,,,0,,,F,2013-04-16,0,23920,,,STE 120,91355,VALENCIA BLVD,SANTA CLARITA CA,N 1/2 OF SE 1/4 OF SEC 20 T4N R15W,,,,SCOS,8859,0,0,0,"LAND DESC IN DOC 1852586,120412 POR OF"
31848,5760025903,7616,05,0,0,1976-02-23,13936,0,ÿ,ÿ,0,0,0,0,0,0,LA COUNTY FLOOD CONTROL DISTRICT,,,,,,0,0,,,,0,,,F,2015-10-06,0,900,,S,,91803,FREMONT AVE,ALHAMBRA CA,OF NW 1/4 OF,18,1N,11,PSI&,8859,0,0,0,*LOT COM S 84›22' W 225.08 FT FROM SECOR OF LOT 3 SEC 18 T 1N R 11W TH N42›37' E TO N AND S C/L OF SD SEC TH NTHEREON TO S LINE OF RANCH TOP RD TH WON SD S LINE TO SE LINE OF TR NO 34495
31849,5760027904,7629,05,0,0,1977-01-21,4620,0,ÿ,ÿ,0,0,0,0,0,0,LA COUNTY FLOOD CONTROL DISTRICT,,,,,,0,0,,,,0,,,F,2015-10-06,0,900,,S,,91803,FREMONT AVE,ALHAMBRA CA,OF NE 1/4 OF,18,1N,11,PSR12OOO*,8859,0,0,0,"*LOT COM AT INTERSECTION OF N LINE OFPASADENA CITY WITH NE LINE OF RANCHTOP RD TH NW AND FOLLOWING SD RD TOA LINE WHICH BEARS N 44›53'55"" E 439.21 FT FROM A PT W ON S LINE OF LOT 3"
31850,5760027905,7615,05,0,0,1977-01-21,615,0,ÿ,ÿ,0,0,0,0,0,0,LA COUNTY FLOOD CONTROL DISTRICT,,,,,,0,0,,,,0,,,F,2015-10-06,0,900,,S,,91803,FREMONT AVE,ALHAMBRA CA,NE 1/4 OF,18,1N,11,PSI*,8859,0,0,0,*LOT COM AT INTERSECTION OF N LINE OFPASADENA CITY WITH N AND S C/L OF SEC18 T 1N R 11W TH N TO S LINE OF RANCHTOP RD TH E AND FOLLOWING SD RD TO SDN LINE TH W TO BEG POR OF NW 1/4 OF
31851,5760028907,7500,05,0,0,1977-01-21,7469,0,ÿ,ÿ,0,0,0,0,0,0,LA COUNTY FLOOD CONTROL DISTRICT,,,,,,0,0,,,,0,,,F,2015-10-06,0,900,,S,,91803,FREMONT AVE,ALHAMBRA CA,,18,1N,11,PSI*,8859,0,0,0,*LOT*(EX OF ST) COM AT INTERSECTION OFN LINE OF PASADENA CITY WITH N AND SC/L OF SEC 18 T 1N R 11W TH S TO A PT WON S LINE OF LOT 3 OF SD SEC 225.08 FTAND N 42›37' E FROM SE COR OF SD LOT TH
31852,5760032900,7640,05,0,0,1975-05-08,222,0,ÿ,ÿ,0,0,0,0,0,0,KINNELOA IRRIGATION DIST,,,,,,0,0,,,,0,,,,,0,0,,,,0,,,,18,1N,11,LCR1-40000*,8859,0,0,0,*LOT COM AT NW COR OF LOT 22 TR NO 30607TH E ON N LINE OF SD LOT 40 FT TH NW ONSW LINE OF LOT 18 SD TR 64.62 FT THW 40 FT TH SE 64.62 FT TO BEG POR OFNE 1/4 OF NW 1/4 OF
31853,5762001900,7516,05,0,0,1998-10-20,18285,0,ÿ,ÿ,0,0,0,0,0,0,SIERRA MADRE CITY,,,,D,,0,0,,,,0,,,F,1999-05-31,0,232,,W,,91024,SIERRA MADRE BLVD,SIERRA MADRE CA,NE 1/4 OF NE 1/4 OF SEC 17 T 1N R 11W,,,,SRR1-CUP*,8859,0,0,0,
31854,5762001901,7516,05,0,0,1998-10-20,18285,0,ÿ,ÿ,0,0,0,0,0,0,SIERRA MADRE CITY,,,,D,,0,0,,,,0,,,F,1999-05-31,0,232,,W,,91024,SIERRA MADRE BLVD,SIERRA MADRE CA,NW 1/4 OF NE 1/4 OF SEC 17 T 1N R 11W,,,,SRR1-CUP*,8859,0,0,0,
31855,8669011900,2792,06,0,0,,1276,0,ÿ,ÿ,0,0,0,0,0,0,LA COUNTY FLOOD CONTROL DISTRICT,,,,,,0,0,,,,0,,,F,2015-10-06,0,900,,S,,91803,FREMONT AVE,ALHAMBRA CA,,33,,,LCA1,8859,0,0,0,"TRACT # 1671 LOT COM AT NW COR OF LOT ATH S 1›28'40"" W 1 FT TH N 89›42' E TO APT N 89›42' E 216.58 FT AND S 16›01'48""W FROM SD NW COR TH S 16›01'48"" W TO APT N 89›42' E 216.58 FT AND S 16›01'48"""
31856,8669011902,2792,06,0,0,,634,0,ÿ,ÿ,0,0,0,0,0,0,LA COUNTY FLOOD CONTROL DISTRICT,,,,,,0,0,,,,0,,,F,2015-10-06,0,900,,S,,91803,FREMONT AVE,ALHAMBRA CA,,18,,,LCA1,8859,0,0,0,"*TR=1671*LOT COM E ON S LINE OF LOT 14,77 FT FROM SW COR OF SD LOT TH N 46›30'34"" W 61.36 FT TH N 84›51'58"" E 101.24FT TH N 2›47'02"" W 99.57 FT TH N 11›09'17"" W 58.53 FT TH N 5›58'13"" E TO W LINE"
31857,8684027902,8528,27,0,0,2006-02-03,337406,0,ÿ,ÿ,0,0,0,0,0,0,WATERSHED CONSERVATION AUTHORITY,,,BELINDA FAUSTINOS,D,1997-06-03,8,100,,N,,91702,OLD SAN GABRIEL CANYON RD,AZUSA CA,F,2014-03-04,0,100,,N,,91702,OLD SAN GABRIEL CANYON RD,AZUSA CA,OF LOT 2,,,,AZC2-RA*,8859,0,0,0,TR=6572 FOR DESC SEE ASSESSOR'S MAPS POR
31858,8262001010,8355,30,0,0,2010-09-13,5289,0,ÿ,ÿ,0,0,0,0,0,0,SUBURBAN WATER SYSTEMS,,,,D,,0,0,,,,0,,,F,2012-10-11,0,1325,,N,STE 100,91724,GRAND AVE,COVINA CA,,1,,,IDM*,885X,0,0,0,"*TR=3163*LOT COM S 71›53' E 1146.67 FTFROM INTERSECTION OF SW LINE OF TEMPLEAVE WITH NW LINE OF LOT 1 TH SE ON SD SWLINE 133.77 FT TH S 18›17'07"" W TO SLINE OF SD LOT TH W THEREON TO A PT E ON"
31859,8262001011,8355,30,0,0,2010-09-13,193,0,ÿ,ÿ,0,0,0,0,0,0,SUBURBAN WATER SYSTEMS,,,,D,,0,0,,,,0,,,F,2012-10-11,0,1325,,N,STE 100,91724,GRAND AVE,COVINA CA,POR OF,1,,,IDM*,885X,0,0,0,"*TR=3163*LOT COM S 71›53' E 1280.44 FTFROM INTERSECTION OF SW LINE OF TEMPLEAVE WITH NW LINE OF LOT 1 TH SE ON SDSW LINE 70 FT TH S 18›17'07"" W TO S LINEOF SD LOT TH W THEREON TO A PT S 18›17'"
32031,2536017904,8856,22,0,0,1970-08-21,2308051,0,ÿ,ÿ,0,0,0,0,0,0,L A COUNTY,,,,D,2000-03-07,50,12653,,,,91331,OSBORNE ST,LOS ANGELES CA,F,2001-12-18,0,500,,W,RM 754,90012,TEMPLE ST,LOS ANGELES CA,TO BEG POR OF,1,,,LAPF,8863,0,0,0,"*TR=13507*LOT COM AT MOST W COR OF LOT 1TH NE ON SE LINE OF PIERCE ST TO A LINEPARALLEL WITH AND DIST NE AT R/A 565 FTFROM SW LINE OF SD LOT TH S 41›18'40"" ETO A LINE PARALLEL WITH AND DIST SE AT"
32032,2536017906,8856,22,0,0,,0,0,ÿ,ÿ,0,0,0,0,0,0,L A COUNTY,,,,D,2000-03-07,50,12653,,,,91331,OSBORNE ST,LOS ANGELES CA,F,2014-07-15,0,12653,,,STE 28,91331,OSBORNE ST,PACOIMA CA,ASSESSOR'S MAPS POR OF SD RO,,,,LAPF,8863,0,0,0,PETER HAACK'S RANCH FOR DESC SEE
32033,2536017907,8856,22,0,0,,0,0,ÿ,ÿ,0,0,0,0,0,0,L A CO CONSOLIDATED FIRE,PRO DIST,,,D,2000-03-07,50,12605,,,,91331,OSBORNE ST,LOS ANGELES CA,F,2001-12-18,0,500,,W,RM 754,90012,TEMPLE ST,LOS ANGELES CA,ASSESSOR'S MAPS POR OF SD RO,,,,LAPF,8863,0,0,0,PETER HAACK'S RANCH FOR DESC SEE
32034,7149003902,5517,22,0,0,1958-05-05,2501620,0,ÿ,ÿ,0,0,0,0,0,0,LONG BEACH CITY,,,,,,0,0,,,,0,,,,,0,0,,,,0,,,AND,44,,,LBIG,8865,0,0,0,"TRACT NO 8084   LOT (EX OF R/W) COM ATSW COR OF LOT 44 TH S 89›47'36"" E736.81 FT TH N 0›12'24"" W 200 FT THS 89›47'36"" E 296.61 FT TH S 45›16'31"" E 285.25 FT TH S 89›47'36"" E"
32035,7149003919,5500,22,0,0,1967-01-11,27179951,0,ÿ,ÿ,0,0,0,0,0,0,LONG BEACH CITY,,,,C,1993-07-01,49,2745,,E,,90807,WARDLOW RD,LONG BEACH CA,,,0,0,,,,0,,,51 AND ALL OF LOT 50 TRACT NO 8084,,,,LBPD12,8865,0,0,0,"*LOT COM AT NW COR OF LOT 48 TR NO 8084TH E ON N LINE OF SD LOT 736.81 FT THN 0›12'24"" W 200 FT TH S 89›47'36"" E296.01 FT TH S 45›10'31"" E 285.25 FT THS 89›47'36"" E TO A PT N 89›53'52"" W"
32036,7149003926,5517,22,0,0,1975-01-01,0,0,ÿ,ÿ,0,0,0,0,0,0,LONG BEACH CITY,,,,C,2010-05-10,0,4301,,,,90806,DONALD DOUGLAS DR,LONG BEACH CA,,,0,0,,,,0,,,"TR 8084,POR OF RANCHO LOS ALAMITOS",,,,LBPD12,8865,0,0,0,FOR DESC SEE ASSESSOR'S MAPS POR LOT 52
32037,7149003930,5531,22,0,0,1966-11-14,0,0,ÿ,ÿ,0,0,0,0,0,0,LONG BEACH CITY,,,,,,0,0,,,,0,,,,,0,0,,,,0,,,ALAMITOS AND POR TRACT NO 10548,,,,LBPD,8865,0,0,0,LOT 2 TRACT NO 27199 AND POR RO LOS
32038,7149003934,4989,22,0,0,1967-03-22,0,0,ÿ,ÿ,0,0,0,0,0,0,LONG BEACH CITY,,,,,,0,0,,,,0,,,,,0,0,,,,0,,,FOR DESC SEE ASSESSOR'S MAPS,,,,LBMG-PD2*,8865,0,0,0,
32039,7149003935,5500,22,0,0,1967-03-22,0,0,ÿ,ÿ,0,0,0,0,0,0,LONG BEACH CITY,,,,C,2006-05-21,49,4100,,E,,90808,DONALD DOUGLAS DR,LONG BEACH CA,,,0,0,,,,0,,,FOR DESC SEE ASSESSOR'S MAPS,,,,LBIM,8865,0,0,0,
32040,7149013905,5517,22,0,0,1975-01-01,734037,0,ÿ,ÿ,0,0,0,0,0,0,LONG BEACH CITY,,,,C,2007-10-15,0,4600,,E,,90808,SPRING ST,LONG BEACH CA,,,0,0,,,,0,,,P M,3,,,LBPD2,8865,0,0,0,*TR=PARCEL MAP AS PER BK 154 P 68-71 OF
32097,7440012806,14,26,0,0,1991-08-05,0,0,ÿ,ÿ,0,0,0,0,0,0,UNION PACIFIC R R CO,SBE 843 19 88C PAR 9,,,,,0,0,,,,0,,,,,0,0,,,,0,,,POR SHOWN AS SBE 843 19-88C PAR 9,,,,LAM3,886V,0,0,0,PORT OF LOS ANGELES MAP NO 1-1241 THAT
32098,7440012905,14,26,0,0,1991-08-05,0,0,ÿ,ÿ,0,0,0,0,0,0,L A CITY,,,,,,0,0,,,,0,,,,,0,0,,,,0,,,DESC SEE ASSESSOR'S MAPS,,,,LAM3,886V,0,0,0,PORT OF LOS ANGELES MAP NO 1-1241 FOR
32099,7134001900,5500,26,0,0,1956-08-22,626361,0,ÿ,ÿ,0,0,0,0,0,0,LONG BEACH CITY,,,,C,2012-06-18,0,4600,1/2,,,90807,VIRGINIA ROAD,LONG BEACH CA,,,0,0,,,,0,,,OF THE RANCHO LOS CERRITOS,,,,LBI,8872,2012,2012,2963,"4.74 ACS COM AT MOST W COR OF LOT 1TRACT NO 4420 TH N 43›55' E 195.31 FTTH S 63›54'30"" E 196.74 FT TH N 26›05'30"" E 350 FT TH N 63›54'30"" W 450 FTTH S 26›05'30"" W TO NE LINE OF VIRGINIA"
32100,2453008900,2536,03,0,0,,25484,0,ÿ,ÿ,0,0,0,0,0,0,BURBANK CITY,,,,,,0,0,,,,0,,,,,0,0,,,,0,,,,6,,,BUC3*,8873,0,0,0,*TR=2531*(EX OF ST) LOTS 5 AND
32101,4022024902,4569,25,0,0,1993-05-24,20790,0,ÿ,ÿ,0,0,0,0,0,0,INGLEWOOD CITY,,,,C,1967-09-24,35,155,,W,,90301,ARBOR VITAE ST,INGLEWOOD CA,,,0,0,,,,0,,,FT OF E 26 FT OF LOT 10 BLK D,,,,INC2VV,8873,0,0,2500,M B 10-153 E 26 FT OF LOT 9 AND S 36.7
32102,4290017910,8004,22,0,0,1975-03-25,22153,0,ÿ,ÿ,0,0,0,0,0,0,SANTA MONICA CITY,,,,,,0,0,,,,0,,,,,0,0,,,,0,,,,21,,,SMRVC*,8873,0,0,0,"LAND DES IN DOC NO 677, 75-3-25CARL F SCHADER SEASIDE TERRACE"
32103,5722030904,7456,27,0,0,2012-11-15,365560,0,ÿ,ÿ,0,0,0,0,0,0,SUCCESSOR AGENCY TO THE PASADENA,COMMUNITY DEVELOPMENT COMM,,C/O CITY CLERK,D,,0,0,,,,0,,,F,2013-04-02,0,100,,N,RM S 214,91101,GARFIELD AVE,PASADENA CA,P M,1,,,PSC-,8873,0,0,0,*TR=PARCEL MAP AS PER BK 108 P 71-72 OF
32104,5722036926,7456,22,0,0,2012-11-15,590176,0,ÿ,ÿ,0,0,0,0,0,0,SUCCESSOR AGENCY TO THE PASADENA,COMMUNITY DEVELOPMENT COMM,,C/O CITY CLERK,D,1993-07-01,71,155,,E,,91105,GREEN ST,PASADENA CA,F,2013-04-02,0,100,,N,RM S 214,91101,GARFIELD AVE,PASADENA CA,*TR=34103,4,,,PSC-,8873,0,0,0,
32105,6003031905,212,09,0,0,1990-04-10,0,0,ÿ,ÿ,0,0,0,0,0,0,L A CITY,,,,C,1993-07-01,50,1015,,W,,90044,64TH ST,LOS ANGELES CA,,,0,0,,,,0,,,6,,,,LAR2,8873,0,0,0,TR=5694 1/2 VAC ALLEY ADJ ON E AND LOT
32106,7206025914,11934,28,0,0,1999-05-12,0,0,ÿ,ÿ,0,0,0,0,0,0,LA CO METROPOLITAN,TRANSPORTATION AUTHORITY,,,,,0,0,,,,0,,,E,,0,0,,,,90053,PO BOX 194,LOS ANGELES CA,P M 286-59-62 LOT 7,,,,LBPD,8873,0,0,0,
32269,6039016901,212,09,0,0,2008-09-29,11009,0,ÿ,ÿ,0,0,0,0,0,0,LOS ANGELES LOMOD SOUTH INC,,,RUDOLF C MONTIEL,D,1997-06-03,50,563,,W,,90044,92ND ST,LOS ANGELES CA,F,2009-05-10,0,2600,,,,90057,WILSHIRE BLVD,LOS ANGELES CA,,270,,,LARD2,8892,1996,1996,0,*TR=SUNNY SIDE*(EX OF ST)
32599,7424016901,18,26,0,0,1968-09-12,3581,0,ÿ,ÿ,0,0,0,0,0,0,L A CITY,,,,,,0,0,,,,0,,,,,0,0,,,,0,,,,16,,,LAM2,88G0,0,0,0,"TRACT NO 4514  LOT COM S 3›44'23"" E2.71 FT FROM NW COR OF LOT 15 TH N 73›13'20"" E 41.38 FT TH S 37›45'43"" E17.9 FT TH NE AND FOLLOWING BDRY LINE OFLOT 16 TO MOST S COR OF SD LOT 16 TH N"
32600,5776035904,1887,22,0,0,2012-04-18,0,0,,,0,0,0,0,0,0,METRO GOLD LINE FOOTHILL EXT,CONSTRUCTION AUTHORITY,,C/O JERRY SIMS,,,0,0,,,,0,,,F,2012-09-09,0,406,,E,STE 202,91016,HUNTINGTON DR,MONROVIA CA,POR OF LOT 1,,,,ARS2,88T0,0,0,0,"TR=949 LAND DESC IN DOC 574206, 041812"
32601,5776035905,1887,22,0,0,1989-02-23,0,0,,,0,0,0,0,0,0,L A COUNTY,,,,D,2013-03-03,5,301,,N,,91007,BALDWIN AVE,ARCADIA CA,F,2001-12-18,0,500,,W,RM 754,90012,TEMPLE ST,LOS ANGELES CA,OF LOT 1,,,,ARS2,88T0,0,0,0,TR=949 FOR DESC SEE ASSESSOR'S MAPS POR
32602,6284028900,3274,22,0,0,1978-01-31,28174,0,ÿ,ÿ,0,0,0,0,0,0,DOWNEY CITY,,,,D,2006-05-21,23,9631,,,,90241,WASHBURN RD,DOWNEY CA,F,2006-05-21,0,11111,,,,90241,BROOKSHIRE AVE,DOWNEY CA,,1,,,DOM2-P*,88T0,0,0,0,*TR=15450*VAC ALLEY ADJ ON W AND N AND
32603,7219001800,5500,22,0,0,,0,0,ÿ,ÿ,0,0,0,0,0,0,LA SMSA LTD PARTNERSHIP,,,,,,0,0,,,,0,,,,,0,0,,,,0,,,19-57 PAR 1 POR OF LOT 24C,,,,LBI*,88T0,0,0,0,ALAMITOS TR THAT POR SHOWN AS SBE 2532-
32604,7219001901,5500,22,0,0,,0,0,ÿ,ÿ,0,0,0,0,0,0,LONG BEACH WATER DEPT,,,,C,2011-08-01,0,3627,,E,,90804,PACIFIC COAST HWY,LONG BEACH CA,,,0,0,,,,0,,,MAPS POR OF LOT 24C,,,,LBI,88T0,0,0,0,ALAMITOS TR FOR DESC SEE ASSESSOR'S
32605,7412026916,13245,22,0,0,1976-05-13,0,0,ÿ,ÿ,0,0,0,0,0,0,L A CITY S BY S,,,,C,2012-03-04,50,1400,,N,,90731,GAFFEY ST,LOS ANGELES CA,,,0,0,,,,0,,,OF LOT 12,,,,LAM2,88T0,0,0,0,TR=3192 FOR DESC SEE ASSESSOR'S MAPS POR
32606,8038001901,6910,26,0,0,1972-04-06,20230,0,ÿ,ÿ,0,0,0,0,0,0,LA MIRADA CITY,,,,,,0,0,,,,0,,,,,0,0,,,,0,,,,4,,,LMPU*,88T0,0,0,0,"TRACT NO 2923   LOT COM AT MOST S COROF LOT 4 TH NW ON SW LINE OF SD LOT181.89 FT TH N 35›56'25"" E TO S LINE OFIMPERIAL HWY TH E AND FOLLOWING SD HWYTO SE LINE OF SD LOT TH SW AND FOLLOW-"
32607,7008001800,2622,26,0,0,1995-08-01,0,0,ÿ,ÿ,0,0,0,0,0,0,LA SMSA LTD PTNSHP,SBE 2532 19 179 PAR 1,,,,,0,0,,,,0,,,,,0,0,,,,0,,,2532-19-179 PAR 1 POR SEC 29 T3S R11W,,,,CEOS,88T1,0,0,0,RO LOS COYOTES THAT POR SHOWN AS SBE
32608,4041016903,4261,26,0,0,1956-05-21,595619,0,ÿ,ÿ,0,0,0,0,0,0,HAWTHORNE CITY,,,,,,0,0,,,,0,,,,,0,0,,,,0,,,OF ST) OF,19,Y,,HAUOS*,88TO,0,0,0,"HAWTHORNE   (EX OF STS) LOT 15 AND (EXOF ST) LOTS 16, 17 AND 18 AND N 30 FTOF E 146.25 FT AND S 96.5 FT (EX"
32609,4051029901,4261,14,0,0,1956-10-17,407325,0,ÿ,ÿ,0,0,0,0,0,0,HAWTHORNE CITY,,,,C,1967-09-24,32,13913,,,,90250,CORDARY AVE,HAWTHORNE CA,,,0,0,,,,0,,,,305,,,HAUOS*,88TO,0,0,0,"TRACT NO 874 DIVISION B LOTS 302,303AND 304 AND N 112 FT OF"
32610,6170006901,6081,26,0,0,1942-08-07,0,0,ÿ,ÿ,0,0,0,0,0,0,LYNWOOD CITY S BY S,,,,,,0,0,,,,0,,,,,0,0,,,,0,,,5 AND 6 BLK 9,,,,LYM*,88TO,0,0,0,TR=5418 1/2 VAC ALLEY ADJ ON E AND LOTS
32611,8119005911,9336,27,0,0,2000-01-02,0,0,ÿ,ÿ,0,0,0,0,0,0,U S GOVT,,,,,,0,0,,,,0,,,F,2001-12-18,0,300,,N,,90012,LOS ANGELES ST,LOS ANGELES CA,O AND POR RO POTRERO GRANDE,,,,SEC*,88TV,0,0,0,POR LOT 1 BLK K RO POTRERO DE FELIPE LUG
